0.200000, 3
0.200000, 2, 4
0.200000, 13, 1
0.200000, 9, 12, 18, 14, 6
0.200000, 15
0.200000, 16, 17
0.200000, 8, 11, 7, 10, 5
3.200000, 3
3.200000, 2, 4
3.200000, 13, 1
3.200000, 9, 12, 18, 14, 6
3.200000, 15
3.200000, 16, 17
3.200000, 8, 11, 7, 10, 5
6.200000, 2, 4
6.200000, 13, 1
6.200000, 9, 12, 18, 14, 6
6.200000, 15
6.200000, 8, 11, 7, 10, 5
6.200000, 16, 3, 17
9.200000, 2, 4
9.200000, 13, 1
9.200000, 9, 12, 18, 14, 6
9.200000, 15
9.200000, 8, 11, 7, 10, 5
9.200000, 16, 3, 17
12.200000, 2, 4
12.200000, 13, 1
12.200000, 9, 12, 18, 14, 6
12.200000, 15
12.200000, 8, 11, 7, 10, 5
12.200000, 16, 3
12.200000, 17
15.200000, 2, 4
15.200000, 13, 1
15.200000, 9, 18, 14, 6
15.200000, 15
15.200000, 16
15.200000, 17
15.200000, 8, 11, 7, 12, 3, 10, 5
18.200000, 2, 4
18.200000, 13, 1
18.200000, 9, 18, 14, 6
18.200000, 15
18.200000, 16
18.200000, 17
18.200000, 8, 11, 7, 12, 3, 10, 5
21.200000, 2, 4
21.200000, 13, 1
21.200000, 9, 18, 14, 6
21.200000, 15
21.200000, 16
21.200000, 17
21.200000, 8, 11, 7, 12, 3, 10, 5
24.200000, 2, 4
24.200000, 13, 1
24.200000, 9, 18, 14, 6
24.200000, 15
24.200000, 16
24.200000, 17
24.200000, 11, 7, 12, 3, 10, 5
24.200000, 8
27.200000, 2, 4
27.200000, 13, 1
27.200000, 9, 18, 14, 6
27.200000, 12
27.200000, 16, 3, 10
27.200000, 8, 11, 7, 5
27.200000, 17
27.200000, 15
30.200000, 2, 4
30.200000, 13, 1
30.200000, 9, 18, 14, 6
30.200000, 12
30.200000, 16, 3
30.200000, 17
30.200000, 15
30.200000, 8, 11, 7, 10, 5
33.200000, 2, 4
33.200000, 13, 1
33.200000, 9, 18, 14, 6
33.200000, 12
33.200000, 16, 3
33.200000, 17
33.200000, 15
33.200000, 8, 11, 7, 10, 5
36.200000, 2, 4
36.200000, 13, 1
36.200000, 9, 18, 14, 6
36.200000, 12
36.200000, 16, 3
36.200000, 17
36.200000, 15
36.200000, 8, 11, 7, 10, 5
39.200000, 2, 4
39.200000, 13, 1
39.200000, 9, 18, 14, 6
39.200000, 12
39.200000, 16
39.200000, 17
39.200000, 15
39.200000, 8, 11, 7, 10, 5
39.200000, 3
42.200000, 2, 4
42.200000, 13, 1
42.200000, 9, 18, 14, 6
42.200000, 12
42.200000, 16
42.200000, 17
42.200000, 15
42.200000, 8, 11, 7, 10, 5
42.200000, 3
45.200000, 2, 4
45.200000, 13, 1
45.200000, 9, 18, 14, 6
45.200000, 12
45.200000, 16
45.200000, 17
45.200000, 15
45.200000, 8
45.200000, 3
45.200000, 11, 10
45.200000, 7, 5
48.200000, 2, 4
48.200000, 13, 1
48.200000, 9, 18, 14, 6
48.200000, 12
48.200000, 16
48.200000, 17
48.200000, 15
48.200000, 8
48.200000, 3
48.200000, 11
48.200000, 7, 5
48.200000, 10
51.200000, 2, 4
51.200000, 13, 1
51.200000, 9, 18, 14, 6
51.200000, 12
51.200000, 16
51.200000, 17
51.200000, 15
51.200000, 8
51.200000, 3
51.200000, 11
51.200000, 7, 5
51.200000, 10
54.200000, 2, 4
54.200000, 13, 1
54.200000, 9, 18, 14, 6
54.200000, 12
54.200000, 16
54.200000, 17
54.200000, 15
54.200000, 8
54.200000, 3
54.200000, 11
54.200000, 7, 5
54.200000, 10
57.200000, 2, 4
57.200000, 13, 1
57.200000, 9, 18, 14, 6
57.200000, 12
57.200000, 16
57.200000, 17
57.200000, 15
57.200000, 8
57.200000, 3
57.200000, 11
57.200000, 7, 5
57.200000, 10
60.200000, 2, 4
60.200000, 13, 1
60.200000, 9, 18, 14, 6
60.200000, 12
60.200000, 16
60.200000, 17
60.200000, 15
60.200000, 8
60.200000, 3
60.200000, 11
60.200000, 7, 5
60.200000, 10
63.200000, 2, 4
63.200000, 13, 1
63.200000, 9, 18, 14, 6
63.200000, 16
63.200000, 15
63.200000, 8
63.200000, 3
63.200000, 11
63.200000, 7
63.200000, 12, 10, 17, 5
66.200000, 2, 4
66.200000, 13, 1
66.200000, 9, 18, 14, 6
66.200000, 16
66.200000, 15
66.200000, 8
66.200000, 3
66.200000, 11
66.200000, 7
66.200000, 12, 10, 17, 5
69.200000, 2, 4
69.200000, 1
69.200000, 9, 18, 14, 6
69.200000, 15
69.200000, 8
69.200000, 3
69.200000, 11
69.200000, 7
69.200000, 12, 10, 17, 5
69.200000, 13, 16
72.200000, 2, 4
72.200000, 1
72.200000, 9, 18, 14, 6
72.200000, 15
72.200000, 8
72.200000, 3
72.200000, 11
72.200000, 7
72.200000, 12, 10, 17, 5
72.200000, 13, 16
75.200000, 2, 4
75.200000, 1
75.200000, 9, 18, 14, 6
75.200000, 15
75.200000, 8
75.200000, 3
75.200000, 11
75.200000, 13, 16
75.200000, 7, 12, 10, 17, 5
78.200000, 2, 4
78.200000, 1
78.200000, 9, 18, 14, 6
78.200000, 15
78.200000, 8
78.200000, 3
78.200000, 11
78.200000, 16
78.200000, 7, 12, 10, 17, 5
78.200000, 13
81.200000, 2, 4
81.200000, 1
81.200000, 9, 18, 14, 6
81.200000, 15
81.200000, 8
81.200000, 3
81.200000, 11
81.200000, 16
81.200000, 7, 12, 10, 17, 5
84.200000, 2, 4
84.200000, 1
84.200000, 9, 18, 14, 6
84.200000, 15
84.200000, 8
84.200000, 3
84.200000, 11
84.200000, 16
84.200000, 7, 12, 10, 17
84.200000, 5
87.200000, 2, 4
87.200000, 1
87.200000, 9, 18, 14, 6
87.200000, 15
87.200000, 8
87.200000, 3
87.200000, 11
87.200000, 16
87.200000, 7, 12, 10, 17
87.200000, 13
87.200000, 5
90.200000, 2, 4
90.200000, 1
90.200000, 9, 18, 14, 6
90.200000, 15
90.200000, 3
90.200000, 11
90.200000, 16
90.200000, 10, 17
90.200000, 13
90.200000, 5
90.200000, 8, 7, 12
93.200000, 2, 4
93.200000, 1
93.200000, 9, 18, 14, 6
93.200000, 15
93.200000, 3
93.200000, 16
93.200000, 10, 17
93.200000, 13
93.200000, 5
93.200000, 8, 12
93.200000, 11, 7
96.200000, 2, 4
96.200000, 1
96.200000, 9, 18, 14, 6
96.200000, 15
96.200000, 3
96.200000, 16
96.200000, 10, 17
96.200000, 13
96.200000, 5
96.200000, 8, 12
96.200000, 11, 7
99.200000, 2, 4
99.200000, 1
99.200000, 9, 18, 14, 6
99.200000, 15
99.200000, 3
99.200000, 16
99.200000, 10, 17
99.200000, 13
99.200000, 5
99.200000, 8, 12
99.200000, 11, 7
102.200000, 2, 4
102.200000, 1
102.200000, 9, 18, 14, 6
102.200000, 15
102.200000, 3
102.200000, 16
102.200000, 10, 17
102.200000, 13
102.200000, 5
102.200000, 8, 12
102.200000, 11, 7
105.200000, 1
105.200000, 9, 18, 14, 6
105.200000, 3
105.200000, 16
105.200000, 10, 17
105.200000, 13
105.200000, 5
105.200000, 8, 12
105.200000, 11, 7
105.200000, 2, 15, 4
108.200000, 9, 18, 14, 6
108.200000, 3
108.200000, 16
108.200000, 10, 17
108.200000, 5
108.200000, 12
108.200000, 11, 7
108.200000, 2, 15, 4
108.200000, 8, 13, 1
111.200000, 9, 14, 6
111.200000, 3
111.200000, 16
111.200000, 10, 17
111.200000, 5
111.200000, 12
111.200000, 11, 7
111.200000, 2, 15, 4
111.200000, 13, 1
111.200000, 8, 18
114.200000, 9, 14, 6
114.200000, 3
114.200000, 16
114.200000, 10, 17
114.200000, 5
114.200000, 12
114.200000, 11, 7
114.200000, 2, 15, 4
114.200000, 13, 1
114.200000, 8
114.200000, 18
117.200000, 3
117.200000, 5
117.200000, 11, 7
117.200000, 2, 15, 4
117.200000, 13, 1
117.200000, 16, 17
117.200000, 12, 10
117.200000, 8
117.200000, 9, 18, 14, 6
120.200000, 3
120.200000, 5
120.200000, 11, 7
120.200000, 2, 15, 4
120.200000, 8
120.200000, 16, 17
120.200000, 12, 10
120.200000, 13, 14
120.200000, 9, 18, 6
120.200000, 1
123.200000, 3
123.200000, 5
123.200000, 11, 7
123.200000, 2, 15, 4
123.200000, 8
123.200000, 16, 17
123.200000, 12, 10
123.200000, 13
123.200000, 1
123.200000, 9, 18, 14, 6
126.200000, 3
126.200000, 5
126.200000, 11, 7
126.200000, 2, 15, 4
126.200000, 8
126.200000, 16, 17
126.200000, 12, 10
126.200000, 13
126.200000, 1
126.200000, 9, 18, 14, 6
129.200000, 3
129.200000, 11
129.200000, 2, 15, 4
129.200000, 8
129.200000, 16, 17
129.200000, 12, 10
129.200000, 13
129.200000, 9, 18, 14, 6
129.200000, 1, 5
129.200000, 7
132.200000, 3
132.200000, 11
132.200000, 2, 15, 4
132.200000, 8
132.200000, 16, 17
132.200000, 12, 10
132.200000, 13
132.200000, 9, 18, 14, 6
132.200000, 5
132.200000, 7
132.200000, 1
135.200000, 3
135.200000, 2, 15, 4
135.200000, 8
135.200000, 16
135.200000, 12, 10
135.200000, 13
135.200000, 9, 18, 14, 6
135.200000, 1
135.200000, 11, 7, 17, 5
138.200000, 3
138.200000, 2, 15, 4
138.200000, 16
138.200000, 12, 10
138.200000, 9, 18, 14, 6
138.200000, 11, 7, 17, 5
138.200000, 8, 13, 1
141.200000, 3
141.200000, 2, 15, 4
141.200000, 16
141.200000, 12, 10
141.200000, 9, 18, 14, 6
141.200000, 11, 7, 17, 5
141.200000, 8, 13, 1
144.200000, 3
144.200000, 2, 15, 4
144.200000, 16
144.200000, 12, 10
144.200000, 9, 18, 14, 6
144.200000, 11, 7, 17, 5
144.200000, 8, 13, 1
147.200000, 3
147.200000, 2, 15, 4
147.200000, 16
147.200000, 12, 10
147.200000, 18, 14, 6
147.200000, 11, 7, 17, 5
147.200000, 8, 13, 1
147.200000, 9
150.200000, 3
150.200000, 2, 15, 4
150.200000, 16
150.200000, 12, 10
150.200000, 18, 14, 6
150.200000, 11, 7, 17, 5
150.200000, 8, 13, 1
150.200000, 9
153.200000, 3
153.200000, 2, 15, 4
153.200000, 16
153.200000, 12, 10
153.200000, 18, 14, 6
153.200000, 11, 7, 17, 5
153.200000, 8, 13, 1
153.200000, 9
156.200000, 3
156.200000, 2, 4
156.200000, 16
156.200000, 12, 10
156.200000, 14, 6
156.200000, 11, 7, 17, 5
156.200000, 8, 13, 1
156.200000, 9
156.200000, 15, 18
159.200000, 3
159.200000, 2, 4
159.200000, 16
159.200000, 12, 10
159.200000, 14, 6
159.200000, 11, 7, 17, 5
159.200000, 8, 13, 1
159.200000, 9
159.200000, 15, 18
162.200000, 3
162.200000, 2, 4
162.200000, 16
162.200000, 12, 10
162.200000, 14, 6
162.200000, 11, 7, 17, 5
162.200000, 8, 13, 1
162.200000, 9
162.200000, 15, 18
165.200000, 3
165.200000, 16
165.200000, 12, 10
165.200000, 14, 6
165.200000, 11, 7, 17, 5
165.200000, 8, 13, 1
165.200000, 9
165.200000, 18
165.200000, 2, 15, 4
168.200000, 3
168.200000, 16
168.200000, 12, 10
168.200000, 14, 6
168.200000, 11, 7, 17, 5
168.200000, 8, 13, 1
168.200000, 9
168.200000, 18
168.200000, 2, 15, 4
171.200000, 3
171.200000, 16
171.200000, 12, 10
171.200000, 14, 6
171.200000, 11, 7, 17, 5
171.200000, 8, 13, 1
171.200000, 9
171.200000, 2, 15
171.200000, 18, 4
174.200000, 3
174.200000, 16
174.200000, 12, 10
174.200000, 14, 6
174.200000, 11, 7, 17, 5
174.200000, 8, 13, 1
174.200000, 9
174.200000, 18
174.200000, 2, 15, 4
177.200000, 3
177.200000, 16
177.200000, 12, 10
177.200000, 14, 6
177.200000, 11, 7, 17, 5
177.200000, 8, 13, 1
177.200000, 9
177.200000, 18
177.200000, 2, 15
177.200000, 4
180.200000, 3
180.200000, 16
180.200000, 12, 10
180.200000, 14, 6
180.200000, 11, 7, 17, 5
180.200000, 8, 13, 1
180.200000, 9
180.200000, 18
180.200000, 2, 15
180.200000, 4
183.200000, 3
183.200000, 16
183.200000, 12, 10
183.200000, 14, 6
183.200000, 11, 7, 17, 5
183.200000, 8, 13, 1
183.200000, 9
183.200000, 18
183.200000, 2, 15
183.200000, 4
186.200000, 3
186.200000, 16
186.200000, 12, 10
186.200000, 14, 6
186.200000, 11, 7, 17, 5
186.200000, 8, 13, 1
186.200000, 9
186.200000, 18
186.200000, 2, 15
186.200000, 4
189.200000, 3
189.200000, 16
189.200000, 12, 10
189.200000, 14, 6
189.200000, 11, 7, 17, 5
189.200000, 8, 13, 1
189.200000, 18
189.200000, 2, 15
189.200000, 9, 4
192.200000, 3
192.200000, 16
192.200000, 12, 10
192.200000, 14, 6
192.200000, 11, 17, 5
192.200000, 8, 13, 1
192.200000, 18
192.200000, 2, 15
192.200000, 4
192.200000, 9
192.200000, 7
195.200000, 3
195.200000, 16
195.200000, 12, 10
195.200000, 14, 6
195.200000, 11, 17, 5
195.200000, 8, 13, 1
195.200000, 18
195.200000, 2, 15
195.200000, 4
195.200000, 9
195.200000, 7
198.200000, 3
198.200000, 16
198.200000, 12, 10
198.200000, 14, 6
198.200000, 11, 17, 5
198.200000, 8, 13, 1
198.200000, 18
198.200000, 2, 15
198.200000, 4
198.200000, 9
198.200000, 7
201.200000, 3
201.200000, 16
201.200000, 12, 10
201.200000, 14, 6
201.200000, 11, 17, 5
201.200000, 8, 13, 1
201.200000, 18
201.200000, 2, 15
201.200000, 4
201.200000, 9
201.200000, 7
204.200000, 3
204.200000, 16
204.200000, 12, 10
204.200000, 14, 6
204.200000, 11, 17, 5
204.200000, 8, 13, 1
204.200000, 18
204.200000, 9
204.200000, 7
204.200000, 2, 15, 4
207.200000, 3
207.200000, 16
207.200000, 12, 10
207.200000, 11, 17, 5
207.200000, 8, 13, 1
207.200000, 7
207.200000, 9, 18, 14, 6
207.200000, 2, 15, 4
210.200000, 3
210.200000, 16
210.200000, 12, 10
210.200000, 11, 17, 5
210.200000, 8, 13, 1
210.200000, 2, 15
210.200000, 4
210.200000, 7
210.200000, 9, 18, 14, 6
213.200000, 3
213.200000, 16
213.200000, 12, 10
213.200000, 11, 17, 5
213.200000, 8, 13, 1
213.200000, 2, 15
213.200000, 4
213.200000, 7
213.200000, 9, 18, 14, 6
216.200000, 3
216.200000, 16
216.200000, 12, 10
216.200000, 11, 17, 5
216.200000, 8, 13, 1
216.200000, 2, 15
216.200000, 4
216.200000, 7
216.200000, 9, 18, 14, 6
219.200000, 3
219.200000, 16
219.200000, 12, 10
219.200000, 11, 17, 5
219.200000, 8, 13, 1
219.200000, 2, 15
219.200000, 4
219.200000, 7
219.200000, 9, 18, 6
219.200000, 14
222.200000, 3
222.200000, 16
222.200000, 12, 10
222.200000, 17
222.200000, 8, 13, 1
222.200000, 2, 15
222.200000, 4
222.200000, 7
222.200000, 9, 18, 6
222.200000, 5
222.200000, 11, 14
225.200000, 3
225.200000, 16
225.200000, 12, 10
225.200000, 17
225.200000, 8, 13, 1
225.200000, 2, 15
225.200000, 4
225.200000, 7
225.200000, 9, 18, 6
225.200000, 5
225.200000, 11, 14
228.200000, 3
228.200000, 12, 10
228.200000, 8, 13, 1
228.200000, 2, 15
228.200000, 4
228.200000, 7
228.200000, 9, 6
228.200000, 14
228.200000, 16, 18
228.200000, 11, 17, 5
231.200000, 3
231.200000, 12, 10
231.200000, 8, 13, 1
231.200000, 2, 15
231.200000, 4
231.200000, 7
231.200000, 9, 6
231.200000, 14
231.200000, 16
231.200000, 18
231.200000, 11, 17, 5
234.200000, 3
234.200000, 12, 10
234.200000, 8, 13, 1
234.200000, 2, 15
234.200000, 4
234.200000, 7
234.200000, 9, 6
234.200000, 14
234.200000, 16
234.200000, 18
234.200000, 11, 17, 5
237.200000, 3
237.200000, 12, 10
237.200000, 8, 13, 1
237.200000, 2, 15
237.200000, 4
237.200000, 9, 6
237.200000, 16
237.200000, 14
237.200000, 7, 18
237.200000, 11, 17, 5
240.200000, 3
240.200000, 12, 10
240.200000, 8, 13, 1
240.200000, 9, 6
240.200000, 16
240.200000, 7, 4
240.200000, 18, 14
240.200000, 11, 17, 5
240.200000, 2, 15
243.200000, 3
243.200000, 12, 10
243.200000, 8, 13, 1
243.200000, 2, 15
243.200000, 9, 6
243.200000, 16
243.200000, 7, 4
243.200000, 18
243.200000, 14
243.200000, 11, 17, 5
246.200000, 3
246.200000, 12, 10
246.200000, 8, 13, 1
246.200000, 2, 15
246.200000, 9, 6
246.200000, 16
246.200000, 7
246.200000, 18
246.200000, 14
246.200000, 11, 17, 5
246.200000, 4
249.200000, 3
249.200000, 12, 10
249.200000, 8, 13, 1
249.200000, 2, 15
249.200000, 9, 6
249.200000, 16
249.200000, 7
249.200000, 18
249.200000, 14
249.200000, 11, 17, 5
249.200000, 4
252.200000, 3
252.200000, 12, 10
252.200000, 8, 13, 1
252.200000, 2, 15
252.200000, 9, 6
252.200000, 16
252.200000, 7
252.200000, 18
252.200000, 14
252.200000, 11, 17, 5
252.200000, 4
255.200000, 3
255.200000, 12, 10
255.200000, 8, 13, 1
255.200000, 7
255.200000, 11, 17, 5
255.200000, 4
255.200000, 2, 15, 16
255.200000, 9, 18, 14, 6
258.200000, 3
258.200000, 12, 10
258.200000, 8, 13, 1
258.200000, 7
258.200000, 11, 17, 5
258.200000, 4
258.200000, 2, 15, 16
258.200000, 9, 18, 14, 6
261.200000, 3
261.200000, 12, 10
261.200000, 8, 13, 1
261.200000, 7
261.200000, 11, 17, 5
261.200000, 4
261.200000, 2, 15, 16
261.200000, 9, 18, 14, 6
264.200000, 3
264.200000, 12, 10
264.200000, 8, 13, 1
264.200000, 4
264.200000, 2, 15, 16
264.200000, 9, 18, 14, 6
264.200000, 11, 7, 17, 5
267.200000, 3
267.200000, 12, 10
267.200000, 2, 15, 16
267.200000, 9, 18, 14, 6
267.200000, 11, 7, 17, 5
267.200000, 8, 13, 1, 4
270.200000, 3
270.200000, 12, 10
270.200000, 2, 15, 16
270.200000, 9, 18, 14, 6
270.200000, 11, 7, 17, 5
270.200000, 8, 13, 1, 4
273.200000, 3
273.200000, 12, 10
273.200000, 2, 15, 16
273.200000, 9, 18, 14, 6
273.200000, 11, 7, 17, 5
273.200000, 8, 13, 1, 4
276.200000, 3
276.200000, 12, 10
276.200000, 2, 15, 16
276.200000, 9, 18, 14, 6
276.200000, 11, 7, 17, 5
276.200000, 8, 13, 1, 4
279.200000, 3
279.200000, 12, 10
279.200000, 2, 15, 16
279.200000, 9, 18, 14, 6
279.200000, 11, 7, 17, 5
279.200000, 8, 13, 1, 4
282.200000, 3
282.200000, 12, 10
282.200000, 2, 15, 16
282.200000, 9, 18, 14, 6
282.200000, 11, 7, 17, 5
282.200000, 8, 13, 1, 4
285.200000, 3
285.200000, 12, 10
285.200000, 2, 15, 16
285.200000, 9, 18, 6
285.200000, 11, 7, 17, 5
285.200000, 8, 13, 1, 4
285.200000, 14
288.200000, 3
288.200000, 12, 10
288.200000, 9, 18, 6
288.200000, 11, 7, 17, 5
288.200000, 8, 13, 1, 4
288.200000, 2, 15, 16, 14
291.200000, 3
291.200000, 12, 10
291.200000, 9, 18, 6
291.200000, 11, 7, 17, 5
291.200000, 8, 13, 1, 4
291.200000, 2, 15, 16
291.200000, 14
294.200000, 3
294.200000, 12, 10
294.200000, 9, 18, 6
294.200000, 11, 7, 17, 5
294.200000, 8, 13, 1, 4
294.200000, 2, 15, 16
294.200000, 14
297.200000, 3
297.200000, 12, 10
297.200000, 9, 18, 6
297.200000, 11, 7, 17, 5
297.200000, 8, 1, 4
297.200000, 2, 15, 16
297.200000, 14
297.200000, 13
300.200000, 12, 10
300.200000, 9, 18, 6
300.200000, 11, 7, 17, 5
300.200000, 8, 1, 4
300.200000, 2, 15, 16
300.200000, 13
300.200000, 3, 14
303.200000, 12, 10
303.200000, 9, 18, 6
303.200000, 11, 7, 17, 5
303.200000, 8, 1, 4
303.200000, 2, 15, 16
303.200000, 13
303.200000, 3, 14
306.200000, 12, 10
306.200000, 9, 18, 6
306.200000, 11, 7, 17, 5
306.200000, 8, 1, 4
306.200000, 2, 15, 16
306.200000, 13
306.200000, 3, 14
309.200000, 12, 10
309.200000, 9, 18, 6
309.200000, 11, 7, 17, 5
309.200000, 8, 1, 4
309.200000, 2, 15, 16
309.200000, 13
309.200000, 3, 14
312.200000, 12, 10
312.200000, 9, 18, 6
312.200000, 11, 7, 17, 5
312.200000, 8, 1, 4
312.200000, 2, 15, 16
312.200000, 13
312.200000, 3
312.200000, 14
315.200000, 12, 10
315.200000, 9, 18, 6
315.200000, 11, 7, 17, 5
315.200000, 8, 1, 4
315.200000, 2, 15, 16
315.200000, 13
315.200000, 3
315.200000, 14
318.200000, 12, 10
318.200000, 9, 18, 6
318.200000, 11, 7, 17, 5
318.200000, 8, 1, 4
318.200000, 2, 15, 16
318.200000, 13
318.200000, 3
318.200000, 14
321.200000, 12, 10
321.200000, 9, 18, 6
321.200000, 11, 7, 17, 5
321.200000, 8, 1, 4
321.200000, 2, 15, 16
321.200000, 13
321.200000, 3
321.200000, 14
324.200000, 12, 10
324.200000, 9, 18, 6
324.200000, 11, 7, 17, 5
324.200000, 8, 1, 4
324.200000, 2, 15, 16
324.200000, 13
324.200000, 3
324.200000, 14
327.200000, 12, 10
327.200000, 9, 18, 6
327.200000, 11, 7, 17, 5
327.200000, 8, 1, 4
327.200000, 2, 15, 16
327.200000, 13
327.200000, 3
327.200000, 14
330.200000, 12, 10
330.200000, 18
330.200000, 11, 7, 17, 5
330.200000, 8, 1, 4
330.200000, 2, 15, 16
330.200000, 13
330.200000, 3
330.200000, 14
330.200000, 9
330.200000, 6
333.200000, 12
333.200000, 11, 7, 17, 5
333.200000, 8, 1, 4
333.200000, 2, 15, 16
333.200000, 13
333.200000, 3
333.200000, 9
333.200000, 6
333.200000, 18, 10, 14
336.200000, 12
336.200000, 11, 7, 17, 5
336.200000, 8, 1, 4
336.200000, 2, 15, 16
336.200000, 13
336.200000, 3
336.200000, 9
336.200000, 6
336.200000, 18
336.200000, 10, 14
339.200000, 11, 7, 17, 5
339.200000, 8, 1, 4
339.200000, 2, 15, 16
339.200000, 13
339.200000, 6
339.200000, 18
339.200000, 10, 14
339.200000, 9, 12, 3
342.200000, 11, 7, 17, 5
342.200000, 8, 1, 4
342.200000, 2, 15, 16
342.200000, 13
342.200000, 6
342.200000, 18
342.200000, 10, 14
342.200000, 12
342.200000, 3
342.200000, 9
345.200000, 11, 7, 17, 5
345.200000, 8, 1, 4
345.200000, 2, 15, 16
345.200000, 13
345.200000, 6
345.200000, 18
345.200000, 10, 14
345.200000, 12
345.200000, 3
345.200000, 9
348.200000, 11, 7, 17, 5
348.200000, 8, 1, 4
348.200000, 2, 15, 16
348.200000, 13
348.200000, 6
348.200000, 18
348.200000, 10, 14
348.200000, 12
348.200000, 3
348.200000, 9
351.200000, 11, 7, 17, 5
351.200000, 8, 1, 4
351.200000, 2, 15, 16
351.200000, 13
351.200000, 6
351.200000, 18
351.200000, 10, 14
351.200000, 12
351.200000, 3
351.200000, 9
354.200000, 11, 7, 17, 5
354.200000, 8, 1, 4
354.200000, 2, 15, 16
354.200000, 13
354.200000, 6
354.200000, 18
354.200000, 10, 14
354.200000, 12
354.200000, 3
354.200000, 9
357.200000, 11, 7, 17, 5
357.200000, 8, 1, 4
357.200000, 2, 15, 16
357.200000, 13
357.200000, 6
357.200000, 18
357.200000, 10, 14
357.200000, 12
357.200000, 3
357.200000, 9
360.200000, 11, 7, 17, 5
360.200000, 8, 1, 4
360.200000, 2, 15, 16
360.200000, 13
360.200000, 6
360.200000, 18
360.200000, 10, 14
360.200000, 12
360.200000, 3
360.200000, 9
363.200000, 11, 7, 17, 5
363.200000, 8
363.200000, 2, 15, 16
363.200000, 13
363.200000, 6
363.200000, 18
363.200000, 10, 14
363.200000, 12
363.200000, 9
363.200000, 3, 1, 4
366.200000, 11, 7, 17, 5
366.200000, 8
366.200000, 2, 15, 16
366.200000, 13
366.200000, 6
366.200000, 18
366.200000, 10, 14
366.200000, 12
366.200000, 9
366.200000, 3, 1, 4
369.200000, 11, 7, 17, 5
369.200000, 8
369.200000, 2, 15, 16
369.200000, 13
369.200000, 6
369.200000, 18
369.200000, 10
369.200000, 12
369.200000, 9
369.200000, 3, 1, 4
369.200000, 14
372.200000, 11, 7, 17, 5
372.200000, 8
372.200000, 2, 15, 16
372.200000, 13
372.200000, 6
372.200000, 18
372.200000, 10
372.200000, 12
372.200000, 9
372.200000, 3, 1, 4
372.200000, 14
375.200000, 11, 7, 17, 5
375.200000, 8
375.200000, 2, 15, 16
375.200000, 13
375.200000, 6
375.200000, 18
375.200000, 10
375.200000, 12
375.200000, 9
375.200000, 3, 1, 4
375.200000, 14
378.200000, 11, 7, 17, 5
378.200000, 8
378.200000, 2, 15, 16
378.200000, 13
378.200000, 10
378.200000, 3, 1, 4
378.200000, 14
378.200000, 9, 12, 18, 6
381.200000, 11, 17, 5
381.200000, 8
381.200000, 2, 15, 16
381.200000, 13
381.200000, 10
381.200000, 3, 1, 4
381.200000, 14
381.200000, 9, 12, 18, 6
381.200000, 7
384.200000, 11, 17, 5
384.200000, 8
384.200000, 2, 15, 16
384.200000, 13
384.200000, 10
384.200000, 3, 1, 4
384.200000, 14
384.200000, 9, 12, 18, 6
384.200000, 7
387.200000, 11, 17, 5
387.200000, 2, 15, 16
387.200000, 13
387.200000, 3, 1, 4
387.200000, 9, 12, 6
387.200000, 7
387.200000, 8, 18, 10, 14
390.200000, 11, 17, 5
390.200000, 2, 15, 16
390.200000, 13
390.200000, 3, 1, 4
390.200000, 9, 12, 6
390.200000, 7
390.200000, 8, 18, 10, 14
393.200000, 11, 17, 5
393.200000, 2, 15, 16
393.200000, 13
393.200000, 3, 1, 4
393.200000, 9, 6
393.200000, 7
393.200000, 8, 18, 10, 14
393.200000, 12
396.200000, 11, 17, 5
396.200000, 2, 15, 16
396.200000, 13
396.200000, 3, 1, 4
396.200000, 9, 6
396.200000, 7
396.200000, 8
396.200000, 12
396.200000, 10
396.200000, 18
396.200000, 14
399.200000, 11, 17, 5
399.200000, 2, 15, 16
399.200000, 13
399.200000, 3, 1, 4
399.200000, 9, 6
399.200000, 7
399.200000, 8
399.200000, 12
399.200000, 10
399.200000, 18
399.200000, 14
402.200000, 11, 17, 5
402.200000, 2, 15, 16
402.200000, 13
402.200000, 3, 1, 4
402.200000, 7
402.200000, 8
402.200000, 12
402.200000, 10
402.200000, 18
402.200000, 9, 14, 6
405.200000, 11, 17, 5
405.200000, 2, 15, 16
405.200000, 13
405.200000, 3, 1, 4
405.200000, 7
405.200000, 8
405.200000, 12
405.200000, 10
405.200000, 18
405.200000, 9, 14
405.200000, 6
408.200000, 11, 17, 5
408.200000, 2, 15, 16
408.200000, 13
408.200000, 3, 1, 4
408.200000, 7
408.200000, 8
408.200000, 12
408.200000, 9, 14
408.200000, 18, 10, 6
411.200000, 11, 17, 5
411.200000, 2, 15, 16
411.200000, 13
411.200000, 3, 1, 4
411.200000, 7
411.200000, 8
411.200000, 12
411.200000, 9, 14
411.200000, 18, 10, 6
414.200000, 11, 17, 5
414.200000, 2, 15, 16
414.200000, 13
414.200000, 3, 1, 4
414.200000, 7
414.200000, 8
414.200000, 12
414.200000, 9, 14
414.200000, 18, 10, 6
417.200000, 11, 17, 5
417.200000, 2, 15, 16
417.200000, 13
417.200000, 3, 1, 4
417.200000, 7
417.200000, 8
417.200000, 12
417.200000, 9, 14
417.200000, 18, 10, 6
420.200000, 11, 17, 5
420.200000, 2, 15, 16
420.200000, 13
420.200000, 3, 1, 4
420.200000, 7
420.200000, 8
420.200000, 12
420.200000, 9, 14
420.200000, 10, 6
420.200000, 18
423.200000, 3, 1, 4
423.200000, 12
423.200000, 9, 10, 6
423.200000, 18
423.200000, 13, 11, 7, 17, 5
423.200000, 8, 14
423.200000, 2, 15, 16
426.200000, 3, 1, 4
426.200000, 12
426.200000, 9, 10, 6
426.200000, 18
426.200000, 13, 11, 7, 17, 5
426.200000, 8, 14
426.200000, 2, 15, 16
429.200000, 3, 1, 4
429.200000, 12
429.200000, 9, 10, 6
429.200000, 18
429.200000, 11, 7, 17, 5
429.200000, 8, 14
429.200000, 13
429.200000, 2, 15, 16
432.200000, 3, 1, 4
432.200000, 12
432.200000, 9, 10, 6
432.200000, 18
432.200000, 11, 7, 17, 5
432.200000, 8, 14
432.200000, 13
432.200000, 2, 15, 16
435.200000, 3, 1, 4
435.200000, 12
435.200000, 9, 10, 6
435.200000, 18
435.200000, 11, 7, 17, 5
435.200000, 8, 14
435.200000, 13
435.200000, 2, 15, 16
438.200000, 3, 1, 4
438.200000, 12
438.200000, 9, 10, 6
438.200000, 18
438.200000, 11, 7, 17, 5
438.200000, 8, 14
438.200000, 13
438.200000, 2, 15, 16
441.200000, 3, 1, 4
441.200000, 12
441.200000, 9, 10, 6
441.200000, 18
441.200000, 11, 7, 17, 5
441.200000, 8, 14
441.200000, 13
441.200000, 2, 15, 16
444.200000, 3, 1, 4
444.200000, 12
444.200000, 11, 7, 17, 5
444.200000, 8, 14
444.200000, 13
444.200000, 9, 10
444.200000, 18, 6
444.200000, 2, 15, 16
447.200000, 3, 1, 4
447.200000, 12
447.200000, 9, 10
447.200000, 11, 7, 17, 5
447.200000, 8, 14
447.200000, 13
447.200000, 18, 6
447.200000, 2, 15, 16
450.200000, 3, 1, 4
450.200000, 12
450.200000, 9, 10
450.200000, 11, 7, 17, 5
450.200000, 8, 14
450.200000, 13
450.200000, 18, 6
450.200000, 2, 15, 16
453.200000, 3, 1, 4
453.200000, 9, 10
453.200000, 11, 7, 17, 5
453.200000, 8, 14
453.200000, 13
453.200000, 12, 18, 6
453.200000, 2, 15, 16
456.200000, 3, 1, 4
456.200000, 9, 10
456.200000, 11, 7, 17, 5
456.200000, 8, 14
456.200000, 13
456.200000, 12, 18, 6
456.200000, 2, 15, 16
459.200000, 3, 1, 4
459.200000, 9, 10
459.200000, 11, 7, 17, 5
459.200000, 8, 14
459.200000, 13
459.200000, 12, 18, 6
459.200000, 2, 15, 16
462.200000, 3, 1, 4
462.200000, 9, 10
462.200000, 11, 7, 17, 5
462.200000, 8, 14
462.200000, 13
462.200000, 12, 18, 6
462.200000, 2, 15, 16
465.200000, 3, 1, 4
465.200000, 11, 7, 17, 5
465.200000, 14
465.200000, 13
465.200000, 12, 18, 10, 6
465.200000, 8, 9
465.200000, 2, 15, 16
468.200000, 3, 1, 4
468.200000, 11, 7, 17, 5
468.200000, 14
468.200000, 13
468.200000, 12, 18, 10, 6
468.200000, 8, 9
468.200000, 2, 15, 16
471.200000, 3, 1, 4
471.200000, 11, 7, 17, 5
471.200000, 13
471.200000, 12, 18, 10, 6
471.200000, 9
471.200000, 8, 14
471.200000, 2, 15, 16
474.200000, 3, 1, 4
474.200000, 11, 7, 17, 5
474.200000, 13
474.200000, 12, 18, 10, 6
474.200000, 9
474.200000, 8, 14
474.200000, 2, 15, 16
477.200000, 3, 1, 4
477.200000, 11, 7, 17, 5
477.200000, 13
477.200000, 18, 10
477.200000, 9
477.200000, 8, 14
477.200000, 6
477.200000, 12
477.200000, 2, 15, 16
480.200000, 3, 1, 4
480.200000, 11, 7, 17, 5
480.200000, 13
480.200000, 18, 10
480.200000, 9
480.200000, 8, 14
480.200000, 6
480.200000, 12
480.200000, 2, 15, 16
483.200000, 3, 1, 4
483.200000, 11, 7, 17, 5
483.200000, 13
483.200000, 18, 10
483.200000, 9
483.200000, 8
483.200000, 6
483.200000, 12
483.200000, 14
483.200000, 2, 15, 16
486.200000, 3, 1, 4
486.200000, 11, 7, 17, 5
486.200000, 13
486.200000, 18, 10
486.200000, 8
486.200000, 6
486.200000, 12
486.200000, 9, 14
486.200000, 2, 15, 16
489.200000, 3, 1, 4
489.200000, 11, 7, 17, 5
489.200000, 13
489.200000, 18, 10
489.200000, 8
489.200000, 6
489.200000, 12
489.200000, 9, 14
489.200000, 2, 15, 16
492.200000, 3, 1, 4
492.200000, 11, 7, 17, 5
492.200000, 13
492.200000, 18, 10
492.200000, 8
492.200000, 6
492.200000, 12
492.200000, 9, 14
492.200000, 2, 15, 16
495.200000, 3, 1, 4
495.200000, 11, 7, 17, 5
495.200000, 13
495.200000, 18, 10
495.200000, 8
495.200000, 6
495.200000, 12
495.200000, 9, 14
495.200000, 2, 15, 16
498.200000, 3, 1, 4
498.200000, 11, 7, 17, 5
498.200000, 13
498.200000, 18, 10
498.200000, 8
498.200000, 6
498.200000, 12
498.200000, 9, 14
498.200000, 2, 15, 16
501.200000, 3, 1, 4
501.200000, 11, 7, 17, 5
501.200000, 13
501.200000, 18, 10
501.200000, 8
501.200000, 6
501.200000, 12
501.200000, 9, 14
501.200000, 2, 15, 16
504.200000, 12
504.200000, 8
504.200000, 7
504.200000, 9, 14
504.200000, 13, 6
504.200000, 18, 10
504.200000, 3, 1, 4
504.200000, 11, 17
504.200000, 5
504.200000, 2, 15, 16
507.200000, 18, 10
507.200000, 13, 6
507.200000, 3, 1, 4
507.200000, 9, 14
507.200000, 8
507.200000, 7
507.200000, 12
507.200000, 5
507.200000, 11, 17
507.200000, 2, 15, 16
510.200000, 2, 15, 16
510.200000, 3, 1, 4
510.200000, 9, 14
510.200000, 18, 10
510.200000, 13, 6
510.200000, 8, 7, 5
510.200000, 11, 17
513.200000, 11, 17
513.200000, 5
513.200000, 7
513.200000, 12
513.200000, 14
513.200000, 9
513.200000, 8
513.200000, 13, 6
513.200000, 18, 10
513.200000, 3, 1, 4
513.200000, 2, 15, 16
516.200000, 2, 15, 16
516.200000, 3, 1, 4
516.200000, 18, 10
516.200000, 13, 6
516.200000, 8
516.200000, 9
516.200000, 14
516.200000, 7
516.200000, 12
516.200000, 5
516.200000, 11, 17
519.200000, 11, 17
519.200000, 5
519.200000, 7
519.200000, 14
519.200000, 9
519.200000, 8
519.200000, 3, 1, 4
519.200000, 13, 6
519.200000, 2, 15, 16
519.200000, 18, 10
519.200000, 12
522.200000, 5
522.200000, 11, 17
522.200000, 3, 1, 4
522.200000, 2, 15, 16
522.200000, 18
522.200000, 13, 6
522.200000, 7
522.200000, 12
522.200000, 8
522.200000, 10, 14
522.200000, 9
525.200000, 5
525.200000, 11, 17
525.200000, 3, 1, 4
525.200000, 2, 15, 16
525.200000, 18
525.200000, 13, 6
525.200000, 7
525.200000, 12
525.200000, 8
525.200000, 10, 14
525.200000, 9
528.200000, 3, 1, 4
528.200000, 13, 6
528.200000, 8
528.200000, 5
528.200000, 11, 17
528.200000, 12
528.200000, 7
528.200000, 2, 15, 16
528.200000, 9
528.200000, 18, 10, 14
531.200000, 3, 1, 4
531.200000, 18, 10, 14
531.200000, 12
531.200000, 8
531.200000, 13, 9, 6
531.200000, 7, 5
531.200000, 11, 17
531.200000, 2, 15, 16
534.200000, 3, 1, 4
534.200000, 11, 17
534.200000, 18, 10
534.200000, 8
534.200000, 12
534.200000, 9
534.200000, 14
534.200000, 5
534.200000, 7
534.200000, 13, 6
534.200000, 2, 15, 16
537.200000, 3, 1, 4
537.200000, 11, 17
537.200000, 8
537.200000, 12
537.200000, 9
537.200000, 5
537.200000, 7
537.200000, 13, 6
537.200000, 18, 10, 14
537.200000, 2, 15, 16
540.200000, 3, 1, 4
540.200000, 11, 17
540.200000, 8
540.200000, 12
540.200000, 9
540.200000, 5
540.200000, 7
540.200000, 13, 6
540.200000, 18, 10, 14
540.200000, 2, 15, 16
543.200000, 2, 15
543.200000, 3, 1, 4
543.200000, 11, 16, 17
543.200000, 8
543.200000, 12
543.200000, 9
543.200000, 5
543.200000, 7
543.200000, 13, 6
543.200000, 18, 10, 14
546.200000, 2, 15
546.200000, 3, 1, 4
546.200000, 11, 16
546.200000, 8
546.200000, 12
546.200000, 5
546.200000, 7
546.200000, 10, 14
546.200000, 13, 9, 6
546.200000, 18
546.200000, 17
549.200000, 3, 1, 4
549.200000, 12
549.200000, 5
549.200000, 7
549.200000, 18
549.200000, 2, 15, 16
549.200000, 8
549.200000, 11, 10, 14
549.200000, 13, 9, 6
549.200000, 17
552.200000, 3, 1, 4
552.200000, 17
552.200000, 12
552.200000, 5
552.200000, 7
552.200000, 18
552.200000, 2, 15, 16
552.200000, 8
552.200000, 11, 10, 14
552.200000, 13, 9, 6
555.200000, 3, 1, 4
555.200000, 12
555.200000, 18
555.200000, 2, 15, 16
555.200000, 8
555.200000, 11, 10, 14
555.200000, 7, 5
555.200000, 13, 9, 6
555.200000, 17
558.200000, 3, 1, 4
558.200000, 12
558.200000, 2, 15, 16
558.200000, 8
558.200000, 11, 10, 14
558.200000, 7, 5
558.200000, 13, 9, 18, 6
558.200000, 17
561.200000, 3, 1, 4
561.200000, 17
561.200000, 12
561.200000, 18
561.200000, 2, 15, 16
561.200000, 8
561.200000, 11, 10, 14
561.200000, 7, 5
561.200000, 13, 9, 6
564.200000, 3, 1, 4
564.200000, 17
564.200000, 12
564.200000, 18
564.200000, 2, 15, 16
564.200000, 8
564.200000, 11, 10, 14
564.200000, 7, 5
564.200000, 13, 9, 6
567.200000, 3, 1, 4
567.200000, 17
567.200000, 12
567.200000, 18
567.200000, 2, 15, 16
567.200000, 8
567.200000, 11, 10, 14
567.200000, 7, 5
567.200000, 13, 9, 6
570.200000, 3, 1, 4
570.200000, 17
570.200000, 12
570.200000, 18
570.200000, 2, 15, 16
570.200000, 8
570.200000, 11, 10, 14
570.200000, 7, 5
570.200000, 13, 9, 6
573.200000, 3, 1, 4
573.200000, 17
573.200000, 12
573.200000, 18
573.200000, 2, 15, 16
573.200000, 8
573.200000, 11, 10, 14
573.200000, 7, 5
573.200000, 13, 9, 6
576.200000, 3, 1, 4
576.200000, 17
576.200000, 12
576.200000, 18
576.200000, 2, 15, 16
576.200000, 8
576.200000, 11, 10, 14
576.200000, 7, 5
576.200000, 13, 9, 6
579.200000, 3, 1, 4
579.200000, 17
579.200000, 12
579.200000, 18
579.200000, 2, 15, 16
579.200000, 8
579.200000, 11, 10, 14
579.200000, 7, 5
579.200000, 13, 9, 6
582.200000, 3, 1, 4
582.200000, 17
582.200000, 12
582.200000, 18
582.200000, 2, 15, 16
582.200000, 8
582.200000, 11, 10, 14
582.200000, 7, 5
582.200000, 13, 9, 6
585.200000, 3, 1, 4
585.200000, 17
585.200000, 12
585.200000, 18
585.200000, 2, 15, 16
585.200000, 8
585.200000, 11, 10, 14
585.200000, 7, 5
585.200000, 13, 9, 6
588.200000, 3, 1, 4
588.200000, 17
588.200000, 12
588.200000, 18
588.200000, 2, 15, 16
588.200000, 8
588.200000, 11, 10, 14
588.200000, 7, 5
588.200000, 13, 9, 6
591.200000, 3, 1, 4
591.200000, 17
591.200000, 12
591.200000, 18
591.200000, 2, 15, 16
591.200000, 8
591.200000, 11, 10, 14
591.200000, 7, 5
591.200000, 13, 9, 6
594.200000, 3, 1, 4
594.200000, 17
594.200000, 12
594.200000, 18
594.200000, 2, 15, 16
594.200000, 8
594.200000, 11, 10, 14
594.200000, 7, 5
594.200000, 13, 9, 6
597.200000, 3, 1, 4
597.200000, 17
597.200000, 12
597.200000, 18
597.200000, 2, 15, 16
597.200000, 8
597.200000, 11, 10, 14
597.200000, 7, 5
597.200000, 13, 9, 6
600.200000, 3, 1, 4
600.200000, 17
600.200000, 12
600.200000, 18
600.200000, 2, 15, 16
600.200000, 8
600.200000, 11, 10, 14
600.200000, 7, 5
600.200000, 13, 9, 6
603.200000, 3, 1, 4
603.200000, 17
603.200000, 12
603.200000, 13
603.200000, 18
603.200000, 8, 9, 6
603.200000, 11, 10, 14
603.200000, 7
603.200000, 2, 15, 16, 5
606.200000, 3, 1, 4
606.200000, 12
606.200000, 18
606.200000, 11, 10, 14
606.200000, 7
606.200000, 2, 15, 16, 5
606.200000, 8, 13, 9, 17, 6
609.200000, 3, 1, 4
609.200000, 12
609.200000, 11, 10, 14
609.200000, 7, 18
609.200000, 2, 15, 16, 5
609.200000, 8
609.200000, 13, 9, 17, 6
612.200000, 3, 1, 4
612.200000, 17
612.200000, 12
612.200000, 13
612.200000, 8, 9, 6
612.200000, 11, 10, 14
612.200000, 2, 15, 16, 5
612.200000, 7, 18
615.200000, 3, 1, 4
615.200000, 17
615.200000, 12
615.200000, 13
615.200000, 8, 9, 6
615.200000, 11, 10, 14
615.200000, 2, 15, 16, 5
615.200000, 7, 18
618.200000, 3, 1, 4
618.200000, 17
618.200000, 12
618.200000, 13
618.200000, 8, 9, 6
618.200000, 11, 10, 14
618.200000, 2, 15, 16
618.200000, 7, 18
618.200000, 5
621.200000, 3, 1, 4
621.200000, 17
621.200000, 12
621.200000, 13
621.200000, 8, 9, 6
621.200000, 11, 10, 14
621.200000, 2, 15, 16
621.200000, 7, 18
621.200000, 5
624.200000, 3, 1, 4
624.200000, 17
624.200000, 12
624.200000, 13
624.200000, 8, 9, 6
624.200000, 11, 10, 14
624.200000, 2, 15, 16
624.200000, 7, 18
624.200000, 5
627.200000, 3, 1, 4
627.200000, 17
627.200000, 12
627.200000, 13
627.200000, 8, 9, 6
627.200000, 11, 10, 14
627.200000, 2, 15, 16
627.200000, 7, 18
627.200000, 5
630.200000, 3, 1, 4
630.200000, 12
630.200000, 11, 10, 14
630.200000, 2, 15, 16
630.200000, 7, 18
630.200000, 8, 13, 9, 17, 6, 5
633.200000, 3, 1, 4
633.200000, 12
633.200000, 11, 10, 14
633.200000, 2, 15, 16
633.200000, 7, 18
633.200000, 8, 13, 9, 17, 6, 5
636.200000, 3, 1, 4
636.200000, 12
636.200000, 11, 10, 14
636.200000, 2, 15, 16
636.200000, 7, 18
636.200000, 8, 13, 9, 17, 6, 5
639.200000, 3, 1, 4
639.200000, 12
639.200000, 11, 10, 14
639.200000, 2, 15, 16
639.200000, 7, 18
639.200000, 8, 13, 9, 17, 6, 5
642.200000, 3, 1, 4
642.200000, 12
642.200000, 11, 10, 14
642.200000, 2, 15, 16
642.200000, 7, 18
642.200000, 8, 13, 9, 17, 6, 5
645.200000, 3, 1, 4
645.200000, 12
645.200000, 11, 10, 14
645.200000, 2, 15, 16
645.200000, 7, 18
645.200000, 8, 13, 9, 17, 6, 5
648.200000, 3, 1, 4
648.200000, 12
648.200000, 11, 10, 14
648.200000, 2, 15, 16
648.200000, 7, 18
648.200000, 8, 13, 9, 17, 6, 5
651.200000, 3, 1, 4
651.200000, 12
651.200000, 11, 10, 14
651.200000, 2, 15, 16
651.200000, 7, 18
651.200000, 8, 13, 9, 17, 6, 5
654.200000, 3, 1, 4
654.200000, 12
654.200000, 11, 10, 14
654.200000, 2, 15, 16
654.200000, 7, 18
654.200000, 8, 13, 9, 17, 6, 5
657.200000, 3, 1, 4
657.200000, 12
657.200000, 11, 10, 14
657.200000, 2, 15, 16
657.200000, 7, 18
657.200000, 8, 13, 9, 17, 6, 5
660.200000, 3, 1, 4
660.200000, 12
660.200000, 11, 10, 14
660.200000, 2, 15, 16
660.200000, 7, 18
660.200000, 8, 13, 9, 17, 6, 5
663.200000, 3
663.200000, 12
663.200000, 11, 10, 14
663.200000, 2, 15, 16
663.200000, 7, 18
663.200000, 8, 13, 9, 17, 6, 5
663.200000, 1
663.200000, 4
666.200000, 3
666.200000, 12
666.200000, 11, 10, 14
666.200000, 2, 15, 16
666.200000, 7, 18
666.200000, 8, 13, 9, 17, 6, 5
666.200000, 1
666.200000, 4
669.200000, 3
669.200000, 12
669.200000, 11, 10, 14
669.200000, 2, 15, 16
669.200000, 7, 18
669.200000, 8, 13, 9, 17, 6, 5
669.200000, 1
669.200000, 4
672.200000, 3
672.200000, 12
672.200000, 11, 10, 14
672.200000, 2, 15, 16
672.200000, 7, 18
672.200000, 8, 13, 9, 17, 6, 5
672.200000, 1
672.200000, 4
675.200000, 3
675.200000, 12
675.200000, 11, 10, 14
675.200000, 2, 15, 16
675.200000, 7, 18
675.200000, 8, 13, 9, 17, 6, 5
675.200000, 1
675.200000, 4
678.200000, 3
678.200000, 12
678.200000, 11, 10, 14
678.200000, 2, 15, 16
678.200000, 7, 18
678.200000, 8, 13, 9, 17, 6, 5
678.200000, 1
678.200000, 4
681.200000, 3
681.200000, 12
681.200000, 11, 10, 14
681.200000, 2, 15, 16
681.200000, 7, 18
681.200000, 8, 13, 9, 17, 6, 5
681.200000, 1
681.200000, 4
684.200000, 3
684.200000, 12
684.200000, 11, 10, 14
684.200000, 2, 15, 16
684.200000, 7, 18
684.200000, 8, 13, 9, 17, 6, 5
684.200000, 1
684.200000, 4
687.200000, 3
687.200000, 12
687.200000, 11, 10, 14
687.200000, 2, 15, 16
687.200000, 7, 18
687.200000, 8, 13, 9, 17, 6, 5
687.200000, 1
687.200000, 4
690.200000, 3
690.200000, 12
690.200000, 11, 10, 14
690.200000, 2, 15, 16
690.200000, 7, 18
690.200000, 8, 13, 9, 17, 6, 5
690.200000, 1
690.200000, 4
693.200000, 3
693.200000, 12
693.200000, 11, 10, 14
693.200000, 2, 15, 16
693.200000, 7, 18
693.200000, 8, 9, 17, 6, 5
693.200000, 1
693.200000, 4
693.200000, 13
696.200000, 3
696.200000, 12
696.200000, 11, 10, 14
696.200000, 2, 15, 16
696.200000, 7, 18
696.200000, 8, 9, 17, 6, 5
696.200000, 1
696.200000, 4
696.200000, 13
699.200000, 3
699.200000, 12
699.200000, 11, 10, 14
699.200000, 2, 15, 16
699.200000, 7, 18
699.200000, 8, 9, 17, 6, 5
699.200000, 1
699.200000, 4
699.200000, 13
702.200000, 3
702.200000, 12
702.200000, 11, 10, 14
702.200000, 2, 15, 16
702.200000, 7, 18
702.200000, 8, 9, 17, 6, 5
702.200000, 1
702.200000, 4
702.200000, 13
705.200000, 3
705.200000, 12
705.200000, 11, 10, 14
705.200000, 2, 15, 16
705.200000, 7
705.200000, 8, 9, 17, 6, 5
705.200000, 1
705.200000, 4
705.200000, 13
705.200000, 18
708.200000, 3
708.200000, 12
708.200000, 11, 10, 14
708.200000, 2, 15, 16
708.200000, 7
708.200000, 8, 9, 17, 6, 5
708.200000, 1
708.200000, 4
708.200000, 13
708.200000, 18
711.200000, 3
711.200000, 12
711.200000, 11, 10, 14
711.200000, 8, 9, 17, 6, 5
711.200000, 1
711.200000, 13
711.200000, 18
711.200000, 2, 15, 16
711.200000, 7, 4
714.200000, 3
714.200000, 12
714.200000, 8, 9, 17, 6, 5
714.200000, 1
714.200000, 13
714.200000, 2, 15, 16
714.200000, 7, 4
714.200000, 11, 18, 10, 14
717.200000, 3
717.200000, 12
717.200000, 8, 9, 17, 6, 5
717.200000, 1
717.200000, 13
717.200000, 2, 15, 16
717.200000, 7, 4
717.200000, 11, 18, 10, 14
720.200000, 3
720.200000, 12
720.200000, 8, 9, 17, 6, 5
720.200000, 1
720.200000, 13
720.200000, 2, 15, 16
720.200000, 11, 7, 18, 10, 14, 4
723.200000, 3
723.200000, 12
723.200000, 8, 9, 17, 6, 5
723.200000, 1
723.200000, 13
723.200000, 2, 15, 16
723.200000, 11, 7, 18, 10, 14, 4
726.200000, 3
726.200000, 12
726.200000, 8, 9, 17, 6, 5
726.200000, 1
726.200000, 13
726.200000, 2, 15, 16
726.200000, 11, 7, 18, 10, 14, 4
729.200000, 3
729.200000, 12
729.200000, 8, 9, 17, 6, 5
729.200000, 1
729.200000, 13
729.200000, 2, 15, 16
729.200000, 11, 7, 18, 10, 14, 4
732.200000, 3
732.200000, 12
732.200000, 8, 9, 17, 6, 5
732.200000, 1
732.200000, 13
732.200000, 2, 15, 16
732.200000, 11, 7, 18, 10, 14, 4
735.200000, 3
735.200000, 12
735.200000, 8, 9, 17, 6, 5
735.200000, 1
735.200000, 13
735.200000, 2, 15, 16
735.200000, 11, 7, 18, 10, 14, 4
738.200000, 3
738.200000, 12
738.200000, 8, 9, 17, 6, 5
738.200000, 1
738.200000, 13
738.200000, 2, 15, 16
738.200000, 11, 7, 18, 10, 14, 4
741.200000, 3
741.200000, 12
741.200000, 8, 9, 17, 6, 5
741.200000, 1
741.200000, 13
741.200000, 2, 15, 16
741.200000, 11, 7, 18, 10, 14, 4
744.200000, 3
744.200000, 12
744.200000, 8, 9, 17, 6, 5
744.200000, 1
744.200000, 13
744.200000, 2, 15, 16
744.200000, 11, 7, 18, 10, 14, 4
747.200000, 3
747.200000, 12
747.200000, 8, 9, 17, 6, 5
747.200000, 1
747.200000, 13
747.200000, 2, 15, 16
747.200000, 11, 7, 18, 10, 14, 4
750.200000, 3
750.200000, 12
750.200000, 8, 9, 17, 6, 5
750.200000, 1
750.200000, 13
750.200000, 2, 15, 16
750.200000, 11, 7, 18, 10, 14, 4
753.200000, 3
753.200000, 12
753.200000, 8, 9, 17, 6, 5
753.200000, 1
753.200000, 13
753.200000, 2, 15, 16
753.200000, 11, 7, 18, 10, 14, 4
756.200000, 3
756.200000, 12
756.200000, 8, 9, 17, 6, 5
756.200000, 1
756.200000, 13
756.200000, 2, 15, 16
756.200000, 11, 7, 18, 10, 14, 4
759.200000, 3
759.200000, 12
759.200000, 8, 9, 17, 6, 5
759.200000, 1
759.200000, 13
759.200000, 2, 15, 16
759.200000, 11, 7, 18, 10, 14, 4
762.200000, 3
762.200000, 12
762.200000, 8, 9, 17, 6, 5
762.200000, 1
762.200000, 13
762.200000, 2, 15, 16
762.200000, 11, 7, 18, 10, 14, 4
765.200000, 3
765.200000, 12
765.200000, 8, 9, 17, 6, 5
765.200000, 1
765.200000, 13
765.200000, 2, 15, 16
765.200000, 11, 7, 18, 10, 14, 4
768.200000, 3
768.200000, 12
768.200000, 8, 9, 17, 6, 5
768.200000, 1
768.200000, 13
768.200000, 2, 15, 16
768.200000, 11, 7, 18, 10, 14, 4
771.200000, 3
771.200000, 12
771.200000, 8, 9, 17, 6, 5
771.200000, 1
771.200000, 13
771.200000, 2, 15, 16
771.200000, 11, 7, 18, 10, 14, 4
774.200000, 3
774.200000, 12
774.200000, 8, 9, 17, 6, 5
774.200000, 1
774.200000, 13
774.200000, 2, 15, 16
774.200000, 11, 7, 18, 10, 14, 4
777.200000, 3
777.200000, 12
777.200000, 8, 9, 17, 6, 5
777.200000, 1
777.200000, 13
777.200000, 2, 15, 16
777.200000, 11, 7, 18, 10, 14, 4
780.200000, 3
780.200000, 12
780.200000, 8, 9, 17, 6, 5
780.200000, 1
780.200000, 13
780.200000, 2, 15, 16
780.200000, 11, 7, 18, 10, 14, 4
783.200000, 3
783.200000, 12
783.200000, 8, 9, 17, 6, 5
783.200000, 1
783.200000, 13
783.200000, 2, 15, 16
783.200000, 11, 7, 18, 10, 14, 4
786.200000, 3
786.200000, 12
786.200000, 8, 9, 17, 6, 5
786.200000, 1
786.200000, 13
786.200000, 2, 15, 16
786.200000, 11, 7, 18, 10, 14, 4
789.200000, 3
789.200000, 12
789.200000, 8, 9, 17, 6, 5
789.200000, 1
789.200000, 13
789.200000, 2, 15, 16
789.200000, 11, 7, 18, 10, 14, 4
792.200000, 3
792.200000, 12
792.200000, 8, 9, 17, 6, 5
792.200000, 1
792.200000, 13
792.200000, 2, 15, 16
792.200000, 11, 7, 18, 10, 14, 4
795.200000, 3
795.200000, 12
795.200000, 8, 9, 17, 6, 5
795.200000, 1
795.200000, 13
795.200000, 2, 15, 16
795.200000, 11, 7, 18, 10, 14, 4
798.200000, 3
798.200000, 12
798.200000, 8, 9, 17, 6, 5
798.200000, 1
798.200000, 13
798.200000, 2, 15, 16
798.200000, 11, 7, 18, 10, 14, 4
801.200000, 3
801.200000, 12
801.200000, 8, 9, 17, 6, 5
801.200000, 1
801.200000, 13
801.200000, 2, 15, 16
801.200000, 11, 7, 18, 10, 14, 4
804.200000, 3
804.200000, 12
804.200000, 8, 9, 17, 6, 5
804.200000, 1
804.200000, 13
804.200000, 2, 15, 16
804.200000, 11, 7, 18, 10, 14, 4
807.200000, 3
807.200000, 12
807.200000, 8, 9, 17, 6, 5
807.200000, 1
807.200000, 13
807.200000, 2, 15, 16
807.200000, 11, 7, 18, 10, 14, 4
810.200000, 8, 9, 17, 6, 5
810.200000, 1
810.200000, 13
810.200000, 2, 15, 16
810.200000, 11, 7, 18, 10, 14, 4
810.200000, 12, 3
813.200000, 8, 9, 17, 6, 5
813.200000, 1
813.200000, 13
813.200000, 2, 15, 16
813.200000, 11, 18, 10, 4
813.200000, 12, 3
813.200000, 7
813.200000, 14
816.200000, 8, 9, 17, 6, 5
816.200000, 1
816.200000, 13
816.200000, 2, 15, 16
816.200000, 11, 18, 10, 4
816.200000, 12, 3
816.200000, 7
816.200000, 14
819.200000, 8, 9, 17, 6, 5
819.200000, 1
819.200000, 13
819.200000, 2, 15, 16
819.200000, 11, 18, 10, 4
819.200000, 14
819.200000, 7, 12, 3
822.200000, 8, 9, 17, 6, 5
822.200000, 1
822.200000, 13
822.200000, 2, 15, 16
822.200000, 11, 18, 10, 4
822.200000, 14
822.200000, 7, 12, 3
825.200000, 8, 9, 17, 6, 5
825.200000, 1
825.200000, 13
825.200000, 2, 15, 16
825.200000, 11, 18, 10, 4
825.200000, 14
825.200000, 7
825.200000, 12, 3
828.200000, 8, 9, 17, 6, 5
828.200000, 1
828.200000, 13
828.200000, 2, 15, 16
828.200000, 11, 18, 10, 4
828.200000, 14
828.200000, 7
828.200000, 12, 3
831.200000, 8
831.200000, 13
831.200000, 2, 15, 16
831.200000, 7
831.200000, 12, 3
831.200000, 9, 1, 17, 6, 5
831.200000, 11, 18, 10, 14, 4
834.200000, 8
834.200000, 13
834.200000, 2, 15, 16
834.200000, 7
834.200000, 12, 3
834.200000, 9, 1, 17, 6, 5
834.200000, 11, 18, 10, 14, 4
837.200000, 13
837.200000, 2, 15, 16
837.200000, 12, 3
837.200000, 9, 1, 17, 6, 5
837.200000, 11, 18, 10, 14, 4
837.200000, 8, 7
840.200000, 13
840.200000, 2, 15, 16
840.200000, 12, 3
840.200000, 9, 1, 17, 6, 5
840.200000, 11, 18, 10, 14, 4
840.200000, 8, 7
843.200000, 13
843.200000, 2, 15, 16
843.200000, 12, 3
843.200000, 9, 1, 17, 6, 5
843.200000, 11, 18, 10, 14, 4
843.200000, 8, 7
846.200000, 13
846.200000, 2, 16
846.200000, 12, 3
846.200000, 9, 1, 17, 6, 5
846.200000, 11, 18, 10, 14, 4
846.200000, 8, 7
846.200000, 15
849.200000, 13
849.200000, 2, 16
849.200000, 12, 3
849.200000, 9, 1, 17, 6, 5
849.200000, 11, 18, 10, 14, 4
849.200000, 8, 7
849.200000, 15
852.200000, 13
852.200000, 2, 16
852.200000, 12, 3
852.200000, 9, 1, 17, 6, 5
852.200000, 11, 18, 10, 14, 4
852.200000, 8, 7
852.200000, 15
855.200000, 13
855.200000, 2, 16
855.200000, 12, 3
855.200000, 9, 1, 17, 6, 5
855.200000, 11, 18, 10, 14, 4
855.200000, 8, 7
855.200000, 15
858.200000, 13
858.200000, 2, 16
858.200000, 12, 3
858.200000, 9, 1, 17, 6, 5
858.200000, 11, 18, 10, 14, 4
858.200000, 8, 7
858.200000, 15
861.200000, 13
861.200000, 2, 16
861.200000, 12, 3
861.200000, 9, 1, 17, 6, 5
861.200000, 11, 18, 10, 14, 4
861.200000, 8, 7
861.200000, 15
864.200000, 13
864.200000, 2, 16
864.200000, 12, 3
864.200000, 9, 1, 17, 6, 5
864.200000, 11, 18, 10, 14, 4
864.200000, 8, 7
864.200000, 15
867.200000, 13
867.200000, 12, 3
867.200000, 9, 1, 6, 5
867.200000, 11, 18, 10, 14, 4
867.200000, 8, 7
867.200000, 15
867.200000, 2, 16, 17
870.200000, 13
870.200000, 12, 3
870.200000, 1, 6, 5
870.200000, 11, 18, 10, 14, 4
870.200000, 8
870.200000, 15
870.200000, 2, 16, 17
870.200000, 9
870.200000, 7
873.200000, 13
873.200000, 12, 3
873.200000, 1, 6, 5
873.200000, 11, 18, 10, 14, 4
873.200000, 8
873.200000, 2, 16, 17
873.200000, 9
873.200000, 15, 7
876.200000, 13
876.200000, 12, 3
876.200000, 1, 6, 5
876.200000, 11, 18, 10, 14, 4
876.200000, 8
876.200000, 2, 16, 17
876.200000, 9
876.200000, 15, 7
879.200000, 13
879.200000, 12, 3
879.200000, 1, 6, 5
879.200000, 11, 18, 10, 14, 4
879.200000, 8
879.200000, 2, 16, 17
879.200000, 9
879.200000, 15, 7
882.200000, 13
882.200000, 12, 3
882.200000, 1, 6, 5
882.200000, 11, 18, 10, 14, 4
882.200000, 8
882.200000, 2, 16, 17
882.200000, 9
882.200000, 15, 7
885.200000, 13
885.200000, 12, 3
885.200000, 1, 6, 5
885.200000, 11, 18, 10, 14, 4
885.200000, 8
885.200000, 2, 16, 17
885.200000, 7
885.200000, 9
885.200000, 15
888.200000, 13
888.200000, 12, 3
888.200000, 1, 6, 5
888.200000, 11, 18, 10, 14, 4
888.200000, 8
888.200000, 2, 16, 17
888.200000, 9
888.200000, 15, 7
891.200000, 13
891.200000, 12, 3
891.200000, 1, 6, 5
891.200000, 11, 18, 10, 14, 4
891.200000, 8
891.200000, 2, 16, 17
891.200000, 9
891.200000, 15, 7
894.200000, 13
894.200000, 12, 3
894.200000, 1, 6, 5
894.200000, 11, 18, 10, 14, 4
894.200000, 8
894.200000, 2, 16, 17
894.200000, 9
894.200000, 15, 7
897.200000, 13
897.200000, 1, 6, 5
897.200000, 18, 10, 14, 4
897.200000, 8
897.200000, 9
897.200000, 2, 16, 17
897.200000, 11
897.200000, 12, 3
897.200000, 15, 7
900.200000, 13
900.200000, 1, 6, 5
900.200000, 18, 10, 14, 4
900.200000, 8
900.200000, 9
900.200000, 2, 16, 17
900.200000, 12, 3
900.200000, 15, 7
903.200000, 13
903.200000, 1, 6, 5
903.200000, 18, 10, 14, 4
903.200000, 8
903.200000, 9
903.200000, 15, 7
903.200000, 12, 3
903.200000, 2, 16, 17
906.200000, 13
906.200000, 1, 6, 5
906.200000, 18, 10, 14, 4
906.200000, 8
906.200000, 9
906.200000, 12, 3
906.200000, 15, 7
906.200000, 2, 16, 17
909.200000, 13
909.200000, 1, 6, 5
909.200000, 18, 10, 14, 4
909.200000, 8
909.200000, 9
909.200000, 15, 7
909.200000, 12, 3
909.200000, 2, 16, 17
912.200000, 13
912.200000, 1, 6, 5
912.200000, 18, 10, 14, 4
912.200000, 8
912.200000, 9
912.200000, 12, 3
912.200000, 15, 7
912.200000, 2, 16, 17
915.200000, 13
915.200000, 1, 6, 5
915.200000, 18, 10, 14, 4
915.200000, 8
915.200000, 9
915.200000, 12, 3
915.200000, 15, 7
915.200000, 2, 16, 17
918.200000, 13
918.200000, 1, 6, 5
918.200000, 18, 10, 14, 4
918.200000, 8
918.200000, 9
918.200000, 15, 7
918.200000, 2, 16, 17
918.200000, 12, 3
921.200000, 13
921.200000, 1, 6, 5
921.200000, 18, 10, 14, 4
921.200000, 8
921.200000, 9
921.200000, 2, 16, 17
921.200000, 12, 3
921.200000, 15, 7
924.200000, 1, 5
924.200000, 18, 10, 14, 4
924.200000, 15
924.200000, 2, 16, 17
924.200000, 12, 3
924.200000, 13, 9
924.200000, 8
924.200000, 6
927.200000, 1, 5
927.200000, 18, 10, 14, 4
927.200000, 8
927.200000, 2, 17
927.200000, 12, 3
927.200000, 15, 7
927.200000, 6
927.200000, 13, 9
927.200000, 16
930.200000, 13
930.200000, 1, 6, 5
930.200000, 18, 10, 14, 4
930.200000, 8
930.200000, 9
930.200000, 2, 17
930.200000, 16
930.200000, 12, 3
930.200000, 15, 7
933.200000, 5
933.200000, 18, 10, 14, 4
933.200000, 8
933.200000, 2, 16, 17
933.200000, 12, 3
933.200000, 15, 7
933.200000, 13, 9
933.200000, 1
933.200000, 6
936.200000, 1, 5
936.200000, 18, 10, 14, 4
936.200000, 8
936.200000, 2, 17
936.200000, 13, 9
936.200000, 12, 3
936.200000, 16
936.200000, 15, 7
936.200000, 6
939.200000, 5
939.200000, 18, 10, 14, 4
939.200000, 2, 17
939.200000, 13, 9
939.200000, 15, 7
939.200000, 12, 3
939.200000, 6
939.200000, 8, 1
939.200000, 16
942.200000, 5
942.200000, 18, 10, 14, 4
942.200000, 13, 9
942.200000, 6
942.200000, 8, 1
942.200000, 2, 16, 17
942.200000, 12, 3
942.200000, 15, 7
945.200000, 5
945.200000, 18, 10, 14, 4
945.200000, 13, 9
945.200000, 6
945.200000, 8, 1
945.200000, 15, 7
945.200000, 12, 3
945.200000, 2, 16, 17
948.200000, 5
948.200000, 18, 10, 14, 4
948.200000, 13, 9
948.200000, 6
948.200000, 8, 1
948.200000, 12, 3
948.200000, 15, 7
948.200000, 2, 16, 17
951.200000, 5
951.200000, 18, 10, 14, 4
951.200000, 13, 9
951.200000, 6
951.200000, 8, 1
951.200000, 2, 16, 17
951.200000, 12, 3
951.200000, 15, 7
954.200000, 5
954.200000, 18, 10, 14, 4
954.200000, 13
954.200000, 6
954.200000, 8, 1
954.200000, 12, 3
954.200000, 15, 7
954.200000, 9
954.200000, 2, 16, 17
957.200000, 5
957.200000, 18, 10, 14, 4
957.200000, 6
957.200000, 1
957.200000, 2, 16, 17
957.200000, 12, 3
957.200000, 8
957.200000, 15, 7
957.200000, 13, 9
960.200000, 18, 10, 14, 4
960.200000, 6
960.200000, 1
960.200000, 8
960.200000, 13, 9
960.200000, 15, 7
960.200000, 12, 3
960.200000, 2, 16, 17, 5
963.200000, 18, 10, 14, 4
963.200000, 6
963.200000, 1
963.200000, 8
963.200000, 13, 9
963.200000, 12, 3
963.200000, 15, 7
963.200000, 2, 16, 17, 5
966.200000, 18, 10, 14, 4
966.200000, 6
966.200000, 1
966.200000, 8
966.200000, 13, 9
966.200000, 15, 7
966.200000, 12, 3
966.200000, 2, 16, 17, 5
969.200000, 18, 10, 14, 4
969.200000, 6
969.200000, 1
969.200000, 8
969.200000, 13, 9
969.200000, 2, 16, 17, 5
969.200000, 15, 7
969.200000, 12, 3
972.200000, 18, 10, 14, 4
972.200000, 6
972.200000, 1
972.200000, 8
972.200000, 13, 9
972.200000, 2, 16, 17, 5
972.200000, 12, 3
972.200000, 15, 7
975.200000, 18, 10, 14, 4
975.200000, 6
975.200000, 1
975.200000, 8
975.200000, 13, 9
975.200000, 2, 16, 17, 5
975.200000, 12, 3
975.200000, 15, 7
978.200000, 18, 10, 14, 4
978.200000, 6
978.200000, 13, 9
978.200000, 15, 7
978.200000, 12, 3
978.200000, 2, 16, 17, 5
978.200000, 8, 1
981.200000, 18, 10, 14, 4
981.200000, 6
981.200000, 13, 9
981.200000, 15
981.200000, 8, 1
981.200000, 2, 16, 17, 5
981.200000, 12
981.200000, 3
984.200000, 18, 10, 14, 4
984.200000, 6
984.200000, 13, 9
984.200000, 8, 1
984.200000, 12, 3
984.200000, 2, 16, 17, 5
984.200000, 15, 7
987.200000, 18, 10, 14, 4
987.200000, 6
987.200000, 13, 9
987.200000, 8, 1
987.200000, 12, 3
987.200000, 15, 7
987.200000, 2, 16, 17, 5
990.200000, 18, 10, 14, 4
990.200000, 6
990.200000, 13, 9
990.200000, 8, 1
990.200000, 2, 16, 17, 5
990.200000, 12, 3
990.200000, 15, 7
993.200000, 18, 10, 14, 4
993.200000, 6
993.200000, 13, 9
993.200000, 8, 1
993.200000, 12, 3
993.200000, 15, 7
993.200000, 2, 16, 17, 5
996.200000, 18, 10, 14, 4
996.200000, 6
996.200000, 8, 1
996.200000, 5
996.200000, 2, 16, 17
996.200000, 12, 3
996.200000, 15, 7
996.200000, 13, 9
999.200000, 18, 10, 14, 4
999.200000, 6
999.200000, 8, 1
999.200000, 5
999.200000, 13
999.200000, 12, 3
999.200000, 2, 16, 17
999.200000, 15, 9, 7
1002.200000, 18, 10, 14, 4
1002.200000, 6
1002.200000, 8, 1
1002.200000, 5
1002.200000, 13, 9
1002.200000, 12
1002.200000, 3
1002.200000, 2, 16, 17
1002.200000, 15, 7
1005.200000, 18, 10, 14, 4
1005.200000, 6
1005.200000, 8, 1
1005.200000, 5
1005.200000, 13, 9
1005.200000, 2, 16, 17
1005.200000, 3
1005.200000, 12
1005.200000, 15, 7
1008.200000, 18, 10, 14, 4
1008.200000, 6
1008.200000, 8, 1
1008.200000, 13, 9
1008.200000, 3
1008.200000, 12
1008.200000, 2, 16, 17
1008.200000, 15, 7, 5
1011.200000, 18, 10, 14, 4
1011.200000, 6
1011.200000, 8, 1
1011.200000, 13, 9
1011.200000, 12
1011.200000, 3
1011.200000, 15, 7, 5
1011.200000, 2, 16, 17
1014.200000, 18, 10, 14, 4
1014.200000, 6
1014.200000, 8, 1
1014.200000, 13, 9
1014.200000, 2, 16, 17
1014.200000, 12
1014.200000, 3
1014.200000, 15, 7, 5
1017.200000, 18, 10, 14, 4
1017.200000, 6
1017.200000, 8, 1
1017.200000, 13, 9
1017.200000, 12, 3
1017.200000, 2, 16, 17
1017.200000, 15, 7, 5
1020.200000, 18, 10, 14, 4
1020.200000, 6
1020.200000, 8, 1
1020.200000, 13, 9
1020.200000, 3
1020.200000, 12
1020.200000, 2, 16, 17
1020.200000, 15, 7, 5
1023.200000, 18, 10, 14, 4
1023.200000, 6
1023.200000, 8
1023.200000, 13, 9
1023.200000, 15, 7, 5
1023.200000, 12
1023.200000, 3, 1
1023.200000, 2, 16, 17
1026.200000, 18, 10, 14, 4
1026.200000, 6
1026.200000, 13, 9
1026.200000, 12
1026.200000, 8, 3, 1
1026.200000, 15, 7, 5
1026.200000, 2, 16, 17
1029.200000, 18, 10, 14, 4
1029.200000, 6
1029.200000, 13, 9
1029.200000, 12
1029.200000, 8, 3, 1
1029.200000, 15, 7, 5
1029.200000, 2, 16, 17
1032.200000, 18, 10, 14, 4
1032.200000, 6
1032.200000, 13, 9
1032.200000, 2, 16, 17
1032.200000, 12
1032.200000, 8, 3, 1
1032.200000, 15, 7, 5
1035.200000, 18, 10, 14, 4
1035.200000, 6
1035.200000, 13, 9
1035.200000, 15, 7, 5
1035.200000, 8, 3, 1
1035.200000, 12
1035.200000, 2, 16, 17
1038.200000, 18, 10, 14, 4
1038.200000, 6
1038.200000, 13, 9
1038.200000, 15, 7, 5
1038.200000, 12
1038.200000, 8, 3, 1
1038.200000, 2, 16, 17
1041.200000, 18, 10, 14, 4
1041.200000, 6
1041.200000, 2, 16, 17
1041.200000, 12
1041.200000, 8, 3, 1
1041.200000, 15, 7, 5
1041.200000, 13, 9
1044.200000, 18, 10, 14, 4
1044.200000, 6
1044.200000, 13, 9
1044.200000, 15, 7, 5
1044.200000, 8, 3, 1
1044.200000, 2, 16, 17
1044.200000, 12
1047.200000, 18, 10, 14, 4
1047.200000, 6
1047.200000, 13, 9
1047.200000, 12
1047.200000, 8, 3, 1
1047.200000, 15, 7, 5
1047.200000, 2, 16, 17
1050.200000, 18, 10, 14, 4
1050.200000, 6
1050.200000, 13, 9
1050.200000, 12
1050.200000, 2, 16, 17
1050.200000, 1
1050.200000, 8
1050.200000, 3
1050.200000, 15, 7, 5
1053.200000, 18, 10, 14, 4
1053.200000, 6
1053.200000, 13, 9
1053.200000, 12
1053.200000, 15, 7, 5
1053.200000, 8, 3, 1
1053.200000, 2, 16, 17
1056.200000, 18, 10, 14, 4
1056.200000, 6
1056.200000, 13, 9
1056.200000, 2, 16, 17
1056.200000, 12
1056.200000, 8, 3, 1
1056.200000, 15, 7, 5
1059.200000, 18, 10, 14, 4
1059.200000, 6
1059.200000, 9
1059.200000, 15, 7, 12, 5
1059.200000, 13
1059.200000, 8, 3, 1
1059.200000, 2, 16, 17
1062.200000, 18, 10, 14, 4
1062.200000, 6
1062.200000, 9
1062.200000, 13
1062.200000, 2, 16, 12, 17
1062.200000, 8, 3, 1
1062.200000, 15, 7, 5
1065.200000, 18, 10, 14, 4
1065.200000, 6
1065.200000, 15, 7, 5
1065.200000, 12
1065.200000, 8, 1
1065.200000, 3
1065.200000, 13, 9
1065.200000, 2, 16, 17
1068.200000, 18, 10, 14, 4
1068.200000, 6
1068.200000, 13, 9
1068.200000, 2, 16, 17
1068.200000, 12
1068.200000, 8, 3, 1
1068.200000, 15, 7, 5
1071.200000, 18, 10, 14, 4
1071.200000, 6
1071.200000, 13, 9
1071.200000, 15, 7, 12, 5
1071.200000, 8, 3, 1
1071.200000, 2, 16, 17
1074.200000, 18, 10, 14, 4
1074.200000, 6
1074.200000, 13, 9
1074.200000, 2, 16, 17
1074.200000, 12
1074.200000, 8, 3, 1
1074.200000, 15, 7, 5
1077.200000, 18, 10, 14, 4
1077.200000, 15, 7, 5
1077.200000, 13, 9, 6
1077.200000, 8, 12, 3, 1
1077.200000, 2, 16, 17
1080.200000, 18, 10, 14, 4
1080.200000, 13, 9, 6
1080.200000, 15, 7, 5
1080.200000, 8, 12, 3, 1
1080.200000, 2, 16, 17
1083.200000, 18, 10, 14, 4
1083.200000, 13, 9, 6
1083.200000, 8, 1
1083.200000, 2, 16, 17
1083.200000, 3
1083.200000, 12
1083.200000, 15, 7, 5
1086.200000, 18, 10, 14, 4
1086.200000, 13, 9, 6
1086.200000, 15, 7, 5
1086.200000, 2, 16, 17
1086.200000, 8, 3, 1
1086.200000, 12
1089.200000, 18, 10, 14, 4
1089.200000, 13, 9, 6
1089.200000, 12
1089.200000, 8, 3, 1
1089.200000, 15, 7, 5
1089.200000, 2, 16, 17
1092.200000, 18, 10, 14, 4
1092.200000, 13, 9, 6
1092.200000, 2, 16, 17
1092.200000, 12
1092.200000, 8, 3, 1
1092.200000, 15, 7, 5
1095.200000, 18, 10, 14, 4
1095.200000, 13, 9, 6
1095.200000, 15, 7, 5
1095.200000, 2, 16, 17
1095.200000, 12
1095.200000, 8, 3, 1
1098.200000, 18, 10, 14, 4
1098.200000, 13, 9, 6
1098.200000, 8, 3, 1
1098.200000, 12
1098.200000, 2, 16, 17
1098.200000, 15, 7, 5
1101.200000, 18, 10, 14, 4
1101.200000, 13, 9, 6
1101.200000, 8, 1
1101.200000, 15, 7, 5
1101.200000, 3
1101.200000, 12
1101.200000, 2, 16, 17
1104.200000, 18, 10, 14, 4
1104.200000, 13, 9, 6
1104.200000, 2, 16, 17
1104.200000, 12
1104.200000, 8, 3, 1
1104.200000, 15, 7, 5
1107.200000, 18, 10, 14, 4
1107.200000, 13, 9, 6
1107.200000, 15, 7, 5
1107.200000, 12
1107.200000, 8, 3, 1
1107.200000, 2, 16, 17
1110.200000, 18, 10, 14, 4
1110.200000, 13, 9, 6
1110.200000, 2, 16, 17
1110.200000, 12
1110.200000, 15, 7, 5
1110.200000, 8, 3, 1
1113.200000, 18, 10, 14, 4
1113.200000, 13, 9, 6
1113.200000, 8, 3, 1
1113.200000, 12
1113.200000, 2, 16, 17
1113.200000, 15, 7, 5
1116.200000, 18, 10, 14, 4
1116.200000, 13, 6
1116.200000, 15, 7, 5
1116.200000, 12
1116.200000, 2, 16, 17
1116.200000, 8, 9, 3, 1
1119.200000, 18, 10, 14, 4
1119.200000, 13, 6
1119.200000, 12
1119.200000, 8, 9, 3, 1
1119.200000, 2, 16, 17
1119.200000, 15, 7, 5
1122.200000, 18, 10, 14, 4
1122.200000, 13, 6
1122.200000, 15, 7, 5
1122.200000, 8, 9, 12, 3, 1
1122.200000, 2, 16, 17
1125.200000, 18, 10, 14, 4
1125.200000, 2, 16, 17
1125.200000, 15, 7, 5
1125.200000, 8, 12, 3, 1
1125.200000, 13, 9, 6
1128.200000, 18, 10, 14, 4
1128.200000, 13, 9, 6
1128.200000, 15, 7, 5
1128.200000, 8, 12, 3, 1
1128.200000, 2, 16, 17
1131.200000, 18, 10, 14, 4
1131.200000, 2, 16, 17
1131.200000, 8, 12, 3, 1
1131.200000, 15, 7, 5
1131.200000, 13, 9, 6
1134.200000, 18, 10, 14, 4
1134.200000, 13, 9, 6
1134.200000, 15, 7, 5
1134.200000, 8, 1
1134.200000, 12, 3
1134.200000, 2, 16, 17
1137.200000, 18, 10, 14, 4
1137.200000, 13, 9, 6
1137.200000, 8, 1
1137.200000, 2, 16, 17
1137.200000, 15, 7, 5
1137.200000, 12, 3
1140.200000, 18, 10, 14, 4
1140.200000, 13, 9, 6
1140.200000, 8, 1
1140.200000, 12, 3
1140.200000, 15, 7, 5
1140.200000, 2, 16, 17
1143.200000, 18, 10, 14, 4
1143.200000, 13, 9, 6
1143.200000, 8, 1
1143.200000, 12, 3
1143.200000, 15, 7, 5
1143.200000, 2, 16, 17
1146.200000, 18, 10, 14, 4
1146.200000, 13, 9, 6
1146.200000, 8, 1
1146.200000, 2, 16, 17
1146.200000, 12, 3
1146.200000, 15, 7, 5
1149.200000, 18, 10, 14, 4
1149.200000, 13, 9, 6
1149.200000, 15, 7, 5
1149.200000, 8, 12, 3, 1
1149.200000, 2, 16, 17
1152.200000, 18, 10, 14, 4
1152.200000, 13, 9, 6
1152.200000, 2, 16, 17
1152.200000, 8, 12, 3, 1
1152.200000, 15, 7, 5
1155.200000, 18, 10, 14, 4
1155.200000, 13, 9, 6
1155.200000, 15, 7, 5
1155.200000, 2, 16, 17
1155.200000, 8, 12, 3, 1
1158.200000, 18, 10, 14, 4
1158.200000, 13, 9, 6
1158.200000, 2, 16, 17
1158.200000, 15, 7, 5
1158.200000, 8, 12, 3, 1
1161.200000, 18, 10, 14, 4
1161.200000, 13, 9, 6
1161.200000, 8, 12, 3, 1
1161.200000, 15, 7, 5
1161.200000, 2, 16, 17
1164.200000, 18, 10, 14, 4
1164.200000, 13, 9, 6
1164.200000, 2, 16, 17
1164.200000, 15, 7, 5
1164.200000, 8, 12, 3, 1
1167.200000, 18, 10, 14, 4
1167.200000, 13, 9, 6
1167.200000, 2, 16, 17
1167.200000, 8, 12, 3, 1
1167.200000, 15, 7, 5
1170.200000, 18, 10, 14, 4
1170.200000, 13, 9, 6
1170.200000, 8, 12, 3, 1
1170.200000, 15, 7, 5
1170.200000, 2, 16, 17
1173.200000, 18, 10, 14, 4
1173.200000, 13, 9, 6
1173.200000, 2, 16
1173.200000, 8, 12, 3, 1
1173.200000, 15, 7
1173.200000, 17
1173.200000, 5
1176.200000, 18, 10, 14, 4
1176.200000, 13, 9, 6
1176.200000, 5
1176.200000, 15, 7
1176.200000, 8, 12, 3, 1
1176.200000, 2, 16, 17
1179.200000, 18, 10, 14, 4
1179.200000, 13, 9, 6
1179.200000, 5
1179.200000, 2, 16, 17
1179.200000, 8, 12, 3, 1
1179.200000, 15, 7
1182.200000, 18, 10, 14, 4
1182.200000, 13, 9
1182.200000, 5
1182.200000, 15, 7
1182.200000, 8, 12, 3, 1
1182.200000, 2, 16, 17
1182.200000, 6
1185.200000, 18, 10, 14, 4
1185.200000, 13, 9
1185.200000, 5
1185.200000, 6
1185.200000, 15, 7
1185.200000, 8, 12, 3, 1
1185.200000, 2, 16, 17
1188.200000, 18, 10, 14, 4
1188.200000, 13, 9
1188.200000, 5
1188.200000, 6
1188.200000, 2, 16, 17
1188.200000, 8, 12, 3, 1
1188.200000, 15, 7
1191.200000, 18, 10, 14, 4
1191.200000, 5
1191.200000, 15, 7
1191.200000, 8, 12, 3, 1
1191.200000, 13, 9, 6
1191.200000, 2, 16, 17
1194.200000, 18, 10, 14, 4
1194.200000, 5
1194.200000, 13, 9, 6
1194.200000, 2, 16, 17
1194.200000, 8, 12, 3, 1
1194.200000, 15, 7
1197.200000, 18, 10, 14, 4
1197.200000, 5
1197.200000, 13, 9, 6
1197.200000, 8, 12, 3, 1
1197.200000, 15, 7
1197.200000, 2, 16, 17
1200.200000, 18, 10, 14, 4
1200.200000, 5
1200.200000, 13, 9, 6
1200.200000, 2, 16, 17
1200.200000, 8, 12, 3, 1
1200.200000, 15, 7
1203.200000, 18, 10, 14, 4
1203.200000, 5
1203.200000, 13, 9, 6
1203.200000, 2, 16, 17
1203.200000, 8, 12, 3, 1
1203.200000, 15, 7
1206.200000, 18, 10, 14, 4
1206.200000, 5
1206.200000, 9, 6
1206.200000, 8, 13, 12, 3, 1
1206.200000, 15, 7
1206.200000, 2, 16, 17
1209.200000, 18, 10, 14, 4
1209.200000, 5
1209.200000, 9, 6
1209.200000, 8, 13, 12, 3, 1
1209.200000, 15, 7
1209.200000, 2, 16, 17
1212.200000, 18, 10, 14, 4
1212.200000, 5
1212.200000, 2, 16, 17
1212.200000, 13
1212.200000, 8, 12, 3, 1
1212.200000, 15, 7
1212.200000, 9, 6
1215.200000, 18, 10, 14, 4
1215.200000, 5
1215.200000, 13
1215.200000, 15, 7
1215.200000, 9, 6
1215.200000, 8, 12, 3, 1
1215.200000, 2, 16, 17
1218.200000, 18, 10, 14, 4
1218.200000, 5
1218.200000, 13
1218.200000, 15, 7
1218.200000, 9, 6
1218.200000, 8, 12, 3, 1
1218.200000, 2, 16, 17
1221.200000, 18, 10, 4
1221.200000, 5
1221.200000, 13
1221.200000, 15, 7
1221.200000, 9, 6
1221.200000, 8, 12, 3, 1
1221.200000, 2, 16, 17
1221.200000, 11
1221.200000, 14
1224.200000, 18, 10, 4
1224.200000, 5
1224.200000, 13
1224.200000, 15, 7
1224.200000, 9, 6
1224.200000, 8, 12, 3, 1
1224.200000, 2, 16, 17
1224.200000, 11
1224.200000, 14
1227.200000, 18, 10, 4
1227.200000, 5
1227.200000, 13
1227.200000, 15, 7
1227.200000, 9, 6
1227.200000, 8, 12, 3, 1
1227.200000, 2, 16, 17
1227.200000, 11
1227.200000, 14
1230.200000, 18, 10, 4
1230.200000, 5
1230.200000, 15, 7
1230.200000, 9, 6
1230.200000, 2, 16, 17
1230.200000, 11
1230.200000, 8, 13, 12, 3, 1
1230.200000, 14
1233.200000, 18, 10, 4
1233.200000, 5
1233.200000, 15, 7
1233.200000, 9, 6
1233.200000, 2, 16, 17
1233.200000, 11
1233.200000, 8, 13, 12, 3, 1
1233.200000, 14
1236.200000, 18, 10, 4
1236.200000, 15, 7
1236.200000, 2, 16, 17
1236.200000, 8, 13, 12, 3, 1
1236.200000, 11, 14, 5
1236.200000, 9, 6
1239.200000, 18, 10, 4
1239.200000, 15, 7
1239.200000, 2, 16, 17
1239.200000, 8, 13, 12, 3, 1
1239.200000, 11, 14, 5
1239.200000, 9, 6
1242.200000, 18, 10, 4
1242.200000, 15, 7
1242.200000, 2, 16, 17
1242.200000, 8, 13, 12, 3, 1
1242.200000, 11, 14, 5
1242.200000, 9, 6
1245.200000, 10, 4
1245.200000, 15, 7
1245.200000, 2, 16, 17
1245.200000, 8, 13, 12, 3, 1
1245.200000, 11, 14, 5
1245.200000, 9, 6
1245.200000, 18
1248.200000, 10, 4
1248.200000, 15, 7
1248.200000, 2, 16, 17
1248.200000, 8, 13, 12, 3, 1
1248.200000, 11, 14, 5
1248.200000, 9, 18, 6
1251.200000, 15, 7
1251.200000, 2, 16, 17
1251.200000, 8, 13, 12, 3, 1
1251.200000, 11, 14, 5
1251.200000, 10, 4
1251.200000, 9, 18, 6
1254.200000, 15, 7
1254.200000, 2, 16, 17
1254.200000, 8, 13, 12, 3, 1
1254.200000, 11, 14, 5
1254.200000, 10, 4
1254.200000, 9, 18, 6
1257.200000, 2, 16, 17
1257.200000, 8, 13, 12, 3, 1
1257.200000, 11, 14, 5
1257.200000, 10, 4
1257.200000, 9, 18, 6
1257.200000, 15, 7
1260.200000, 15, 7
1260.200000, 2, 16, 17
1260.200000, 8, 13, 12, 3, 1
1260.200000, 11, 14, 5
1260.200000, 10, 4
1260.200000, 9, 18, 6
1263.200000, 15, 7
1263.200000, 2, 16, 17
1263.200000, 8, 13, 12, 3, 1
1263.200000, 11, 14, 5
1263.200000, 10, 4
1263.200000, 9, 18, 6
1266.200000, 15, 7
1266.200000, 2, 16, 17
1266.200000, 8, 13, 12, 3, 1
1266.200000, 11, 14, 5
1266.200000, 10, 4
1266.200000, 9, 18, 6
1269.200000, 15, 7
1269.200000, 2, 16, 17
1269.200000, 8, 13, 12, 3, 1
1269.200000, 11, 14, 5
1269.200000, 10, 4
1269.200000, 9, 18, 6
1272.200000, 15, 7
1272.200000, 2, 16, 17
1272.200000, 8, 13, 12, 3, 1
1272.200000, 11, 14, 5
1272.200000, 10, 4
1272.200000, 9, 18, 6
1275.200000, 15, 7
1275.200000, 2, 16, 17
1275.200000, 8, 13, 12, 3, 1
1275.200000, 11, 14, 5
1275.200000, 10, 4
1275.200000, 9, 18, 6
1278.200000, 15, 7
1278.200000, 2, 16, 17
1278.200000, 8, 13, 12, 3, 1
1278.200000, 11, 14, 5
1278.200000, 10, 4
1278.200000, 9, 18, 6
1281.200000, 15, 7
1281.200000, 2, 16, 17
1281.200000, 8, 13, 12, 3, 1
1281.200000, 11, 14, 5
1281.200000, 10, 4
1281.200000, 9, 18, 6
1284.200000, 15, 7
1284.200000, 2, 16, 17
1284.200000, 13, 12, 3
1284.200000, 11, 14, 5
1284.200000, 10, 4
1284.200000, 9, 18, 6
1284.200000, 8
1284.200000, 1
1287.200000, 15, 7
1287.200000, 2, 16, 17
1287.200000, 13, 12, 3
1287.200000, 11, 14, 5
1287.200000, 10, 4
1287.200000, 9, 18, 6
1287.200000, 8
1287.200000, 1
1290.200000, 15, 7
1290.200000, 2, 16, 17
1290.200000, 13, 12, 3
1290.200000, 11, 14, 5
1290.200000, 10, 4
1290.200000, 9, 18, 6
1290.200000, 8
1290.200000, 1
1293.200000, 15, 7
1293.200000, 2, 16, 17
1293.200000, 13, 12, 3
1293.200000, 11, 14, 5
1293.200000, 10, 4
1293.200000, 9, 18, 6
1293.200000, 8
1293.200000, 1
1296.200000, 15, 7
1296.200000, 2, 16, 17
1296.200000, 11, 14, 5
1296.200000, 10, 4
1296.200000, 9, 18, 6
1296.200000, 8, 13, 12, 3, 1
1299.200000, 15, 7
1299.200000, 2, 16, 17
1299.200000, 11, 14, 5
1299.200000, 10, 4
1299.200000, 9, 18, 6
1299.200000, 8, 13, 12, 3, 1
1302.200000, 15, 7
1302.200000, 2, 16, 17
1302.200000, 11, 14, 5
1302.200000, 10, 4
1302.200000, 9, 18, 6
1302.200000, 8, 13, 12, 3, 1
1305.200000, 15, 7
1305.200000, 2, 16, 17
1305.200000, 11, 14, 5
1305.200000, 10, 4
1305.200000, 9, 18, 6
1305.200000, 8, 13, 12, 3, 1
1308.200000, 15, 7
1308.200000, 2, 16, 17
1308.200000, 11, 14, 5
1308.200000, 10, 4
1308.200000, 9, 18, 6
1308.200000, 8, 13, 12, 3, 1
1311.200000, 15, 7
1311.200000, 2, 16, 17
1311.200000, 11, 14, 5
1311.200000, 10, 4
1311.200000, 9, 18, 6
1311.200000, 8, 13, 12, 3, 1
1314.200000, 15, 7
1314.200000, 2, 16, 17
1314.200000, 11, 14, 5
1314.200000, 10, 4
1314.200000, 9, 18, 6
1314.200000, 8, 13, 12, 3, 1
1317.200000, 15, 7
1317.200000, 2, 16, 17
1317.200000, 11, 14, 5
1317.200000, 10, 4
1317.200000, 9, 18, 6
1317.200000, 8, 13, 12, 3, 1
1320.200000, 15, 7
1320.200000, 2, 16, 17
1320.200000, 11, 14, 5
1320.200000, 10, 4
1320.200000, 9, 18, 6
1320.200000, 8, 13, 12, 3, 1
1323.200000, 15, 7
1323.200000, 2, 16, 17
1323.200000, 11, 14, 5
1323.200000, 10, 4
1323.200000, 9, 18, 6
1323.200000, 8, 13, 12, 3, 1
1326.200000, 15, 7
1326.200000, 2, 16, 17
1326.200000, 11, 14, 5
1326.200000, 10, 4
1326.200000, 9, 18, 6
1326.200000, 8, 13, 12, 3, 1
1329.200000, 15, 7
1329.200000, 2, 16, 17
1329.200000, 11, 14, 5
1329.200000, 10, 4
1329.200000, 9, 18, 6
1329.200000, 8, 13, 12, 3, 1
1332.200000, 15, 7
1332.200000, 2, 16, 17
1332.200000, 11, 14, 5
1332.200000, 10, 4
1332.200000, 9, 18, 6
1332.200000, 8, 13, 12, 3, 1
1335.200000, 15, 7
1335.200000, 2, 16, 17
1335.200000, 11, 14, 5
1335.200000, 10, 4
1335.200000, 9, 18, 6
1335.200000, 8, 13, 12, 3, 1
1338.200000, 15, 7
1338.200000, 2, 16, 17
1338.200000, 11, 14, 5
1338.200000, 10, 4
1338.200000, 9, 18, 6
1338.200000, 8, 13, 12, 3, 1
1341.200000, 15, 7
1341.200000, 2, 16, 17
1341.200000, 11, 14, 5
1341.200000, 10, 4
1341.200000, 9, 18, 6
1341.200000, 8, 13, 12, 3, 1
1344.200000, 15, 7
1344.200000, 2, 16, 17
1344.200000, 11, 14, 5
1344.200000, 10, 4
1344.200000, 9, 18, 6
1344.200000, 8, 13, 12, 3, 1
1347.200000, 15, 7
1347.200000, 2, 16, 17
1347.200000, 11, 14, 5
1347.200000, 10, 4
1347.200000, 9, 18, 6
1347.200000, 8, 13, 12, 3, 1
1350.200000, 15, 7
1350.200000, 2, 16, 17
1350.200000, 11, 14, 5
1350.200000, 10, 4
1350.200000, 9, 18, 6
1350.200000, 8, 13, 12, 3, 1
1353.200000, 15, 7
1353.200000, 2, 16, 17
1353.200000, 11, 14, 5
1353.200000, 10, 4
1353.200000, 9, 18, 6
1353.200000, 8, 13, 12, 3, 1
1356.200000, 15, 7
1356.200000, 2, 16, 17
1356.200000, 11, 14, 5
1356.200000, 10, 4
1356.200000, 9, 18, 6
1356.200000, 8, 13, 12, 3, 1
1359.200000, 15, 7
1359.200000, 2, 16, 17
1359.200000, 11, 14, 5
1359.200000, 10, 4
1359.200000, 9, 18, 6
1359.200000, 8, 13, 12, 3, 1
1362.200000, 15, 7
1362.200000, 2, 16, 17
1362.200000, 11, 14, 5
1362.200000, 10, 4
1362.200000, 9, 18, 6
1362.200000, 8, 13, 12, 3, 1
1365.200000, 15, 7
1365.200000, 2, 16, 17
1365.200000, 11, 14, 5
1365.200000, 10, 4
1365.200000, 9, 18, 6
1365.200000, 8, 13, 12, 3, 1
1368.200000, 15, 7
1368.200000, 2, 16, 17
1368.200000, 11, 14, 5
1368.200000, 10, 4
1368.200000, 9, 18, 6
1368.200000, 8, 13, 12, 3, 1
1371.200000, 15, 7
1371.200000, 2, 16, 17
1371.200000, 11, 14, 5
1371.200000, 10, 4
1371.200000, 9, 18, 6
1371.200000, 8, 13, 12, 3, 1
1374.200000, 15, 7
1374.200000, 2, 16, 17
1374.200000, 11, 14, 5
1374.200000, 10, 4
1374.200000, 9, 18, 6
1374.200000, 8, 13, 12, 3, 1
1377.200000, 15, 7
1377.200000, 2, 16, 17
1377.200000, 11, 14, 5
1377.200000, 10, 4
1377.200000, 9, 18, 6
1377.200000, 8, 13, 12, 3, 1
1380.200000, 15, 7
1380.200000, 2, 16, 17
1380.200000, 11, 14, 5
1380.200000, 10, 4
1380.200000, 9, 18, 6
1380.200000, 8, 13, 12, 3, 1
1383.200000, 15, 7
1383.200000, 2, 16, 17
1383.200000, 11, 14, 5
1383.200000, 10, 4
1383.200000, 9, 18, 6
1383.200000, 8, 13, 12, 3, 1
1386.200000, 15, 7
1386.200000, 2, 16, 17
1386.200000, 11, 14, 5
1386.200000, 10, 4
1386.200000, 9, 18, 6
1386.200000, 8, 13, 12, 3, 1
1389.200000, 15, 7
1389.200000, 2, 16, 17
1389.200000, 11, 14, 5
1389.200000, 10, 4
1389.200000, 9, 18, 6
1389.200000, 8, 13, 12, 3, 1
1392.200000, 15, 7
1392.200000, 2, 16, 17
1392.200000, 11, 14, 5
1392.200000, 10, 4
1392.200000, 9, 18, 6
1392.200000, 8, 13, 12, 3, 1
1395.200000, 15, 7
1395.200000, 2, 16, 17
1395.200000, 11, 14, 5
1395.200000, 10, 4
1395.200000, 9, 18, 6
1395.200000, 8, 13, 12, 3, 1
1398.200000, 15, 7
1398.200000, 2, 16, 17
1398.200000, 11, 14, 5
1398.200000, 10, 4
1398.200000, 9, 18, 6
1398.200000, 8, 13, 12, 3, 1
1401.200000, 15, 7
1401.200000, 2, 16, 17
1401.200000, 11, 14, 5
1401.200000, 10, 4
1401.200000, 9, 18, 6
1401.200000, 8, 13, 12, 3, 1
1404.200000, 15, 7
1404.200000, 2, 16, 17
1404.200000, 11, 14, 5
1404.200000, 10, 4
1404.200000, 9, 18, 6
1404.200000, 8, 13, 12, 3, 1
1407.200000, 15, 7
1407.200000, 2, 16, 17
1407.200000, 11, 14, 5
1407.200000, 10, 4
1407.200000, 9, 18, 6
1407.200000, 8, 13, 12, 3, 1
1410.200000, 15, 7
1410.200000, 2, 16, 17
1410.200000, 11, 14, 5
1410.200000, 10, 4
1410.200000, 9, 18, 6
1410.200000, 8, 13, 12, 3, 1
1413.200000, 15, 7
1413.200000, 2, 16, 17
1413.200000, 11, 14, 5
1413.200000, 10, 4
1413.200000, 9, 18, 6
1413.200000, 8, 13, 12, 3, 1
1416.200000, 15, 7
1416.200000, 2, 16, 17
1416.200000, 11, 14, 5
1416.200000, 10, 4
1416.200000, 9, 18, 6
1416.200000, 8, 13, 12, 3, 1
1419.200000, 15, 7
1419.200000, 2, 16, 17
1419.200000, 11, 14, 5
1419.200000, 10, 4
1419.200000, 9, 18, 6
1419.200000, 8, 12, 3
1419.200000, 13, 1
1422.200000, 15, 7
1422.200000, 2, 16, 17
1422.200000, 11, 14, 5
1422.200000, 10, 4
1422.200000, 9, 18, 6
1422.200000, 8, 12, 3
1422.200000, 1
1422.200000, 13
1425.200000, 15, 7
1425.200000, 2, 16, 17
1425.200000, 11, 14, 5
1425.200000, 10, 4
1425.200000, 9, 18, 6
1425.200000, 8, 12, 3
1425.200000, 1
1425.200000, 13
1428.200000, 15, 7
1428.200000, 2, 16, 17
1428.200000, 11, 14, 5
1428.200000, 10, 4
1428.200000, 9, 18, 6
1428.200000, 8, 12, 3
1428.200000, 13, 1
1431.200000, 15, 7
1431.200000, 2, 16, 17
1431.200000, 11, 14, 5
1431.200000, 10, 4
1431.200000, 9, 18, 6
1431.200000, 8, 12, 3
1431.200000, 13, 1
1434.200000, 15, 7
1434.200000, 2, 16, 17
1434.200000, 11, 14, 5
1434.200000, 10, 4
1434.200000, 9, 18, 6
1434.200000, 8, 12, 3
1434.200000, 13, 1
1437.200000, 15, 7
1437.200000, 2, 16, 17
1437.200000, 11, 14, 5
1437.200000, 10, 4
1437.200000, 9, 18, 6
1437.200000, 8, 12, 3
1437.200000, 13, 1
1440.200000, 15, 7
1440.200000, 2, 16, 17
1440.200000, 11, 14, 5
1440.200000, 10, 4
1440.200000, 9, 18, 6
1440.200000, 8, 12, 3
1440.200000, 13, 1
1443.200000, 15, 7
1443.200000, 2, 16, 17
1443.200000, 11, 14, 5
1443.200000, 10, 4
1443.200000, 9, 18, 6
1443.200000, 8, 12, 3
1443.200000, 13, 1
1446.200000, 15, 7
1446.200000, 2, 16, 17
1446.200000, 11, 14, 5
1446.200000, 10, 4
1446.200000, 9, 18, 6
1446.200000, 8, 12, 3
1446.200000, 13, 1
1449.200000, 15, 7
1449.200000, 2, 16, 17
1449.200000, 11, 14, 5
1449.200000, 10, 4
1449.200000, 9, 18, 6
1449.200000, 8, 12, 3
1449.200000, 13, 1
1452.200000, 15, 7
1452.200000, 2, 16, 17
1452.200000, 11, 14, 5
1452.200000, 10, 4
1452.200000, 9, 18, 6
1452.200000, 8, 12, 3
1452.200000, 13, 1
1455.200000, 15, 7
1455.200000, 2, 16, 17
1455.200000, 11, 14, 5
1455.200000, 10, 4
1455.200000, 9, 18, 6
1455.200000, 8, 12, 3
1455.200000, 13, 1
1458.200000, 15, 7
1458.200000, 2, 16, 17
1458.200000, 11, 14, 5
1458.200000, 10, 4
1458.200000, 9, 18, 6
1458.200000, 8, 12, 3
1458.200000, 13, 1
1461.200000, 15, 7
1461.200000, 2, 16, 17
1461.200000, 11, 14, 5
1461.200000, 10, 4
1461.200000, 9, 18, 6
1461.200000, 8, 12, 3
1461.200000, 13, 1
1464.200000, 15, 7
1464.200000, 2, 16, 17
1464.200000, 11, 14, 5
1464.200000, 10, 4
1464.200000, 9, 18, 6
1464.200000, 8, 12, 3
1464.200000, 13, 1
1467.200000, 15, 7
1467.200000, 2, 16, 17
1467.200000, 11, 14, 5
1467.200000, 10, 4
1467.200000, 9, 18, 6
1467.200000, 8, 12, 3
1467.200000, 13, 1
1470.200000, 15, 7
1470.200000, 2, 16, 17
1470.200000, 11, 14, 5
1470.200000, 10, 4
1470.200000, 9, 18, 6
1470.200000, 8, 12, 3
1470.200000, 13, 1
1473.200000, 15, 7
1473.200000, 2, 16, 17
1473.200000, 11, 14, 5
1473.200000, 10, 4
1473.200000, 9, 18, 6
1473.200000, 8, 12, 3
1473.200000, 13, 1
1476.200000, 15, 7
1476.200000, 2, 16, 17
1476.200000, 11, 14, 5
1476.200000, 10, 4
1476.200000, 9, 18, 6
1476.200000, 8, 12, 3
1476.200000, 13, 1
1479.200000, 15, 7
1479.200000, 2, 16, 17
1479.200000, 11, 14, 5
1479.200000, 10, 4
1479.200000, 9, 18, 6
1479.200000, 8, 12, 3
1479.200000, 13, 1
1482.200000, 15, 7
1482.200000, 2, 16, 17
1482.200000, 11, 14, 5
1482.200000, 10, 4
1482.200000, 9, 18, 6
1482.200000, 8, 12, 3
1482.200000, 13, 1
1485.200000, 15, 7
1485.200000, 2, 16, 17
1485.200000, 11, 14, 5
1485.200000, 10, 4
1485.200000, 9, 18, 6
1485.200000, 8, 12, 3
1485.200000, 13, 1
1488.200000, 15, 7
1488.200000, 2, 16, 17
1488.200000, 11, 14, 5
1488.200000, 10, 4
1488.200000, 9, 18, 6
1488.200000, 8, 12, 3
1488.200000, 13, 1
1491.200000, 15, 7
1491.200000, 2, 16, 17
1491.200000, 11, 14, 5
1491.200000, 10, 4
1491.200000, 9, 18, 6
1491.200000, 8, 12, 3
1491.200000, 13, 1
1494.200000, 15, 7
1494.200000, 2, 16, 17
1494.200000, 11, 14, 5
1494.200000, 10, 4
1494.200000, 9, 18, 6
1494.200000, 8, 12, 3
1494.200000, 13, 1
1497.200000, 15, 7
1497.200000, 2, 16, 17
1497.200000, 11, 14, 5
1497.200000, 10, 4
1497.200000, 9, 18, 6
1497.200000, 8, 12, 3
1497.200000, 13, 1
